case,group,rank,kx,ky,reaction,source_a,source_b,l2_error,relative_l2_error,l2_bound,energy_error,energy_bound,mean_error,mean_bound,residual_norm,roundoff_scale
0,held_out,2,1.5138582652023054,0.6358884421298465,5.754815063270506,0.4240048817552994,0.5759951182447006,0.002787526871118058,0.055624409502912,0.017611852429400204,0.03289588786922943,0.09144785481051913,0.0004143472271218969,0.017171556118665197,0.47483421650101754,3.247572637432142e-13
1,held_out,2,2.0323011531239707,1.2781543573855934,0.8143296465726717,0.5782856298779917,0.4217143701220083,0.002551047593505832,0.06199720787300533,0.0160842374887616,0.030448181607396877,0.09305315120175536,0.0011290667976364538,0.01568213155154256,0.5383462507704762,3.030797187891647e-13
2,held_out,2,0.8278754639948969,0.5059031621615959,11.380251959399873,0.7837055184477977,0.21629448155220232,0.006787340377631863,0.10625954973451365,0.022674178983092756,0.05697619876992588,0.11231698438211012,0.0029929916855639034,0.02210732450851544,0.5563643556883694,4.627828851631075e-13
3,held_out,2,1.3524958924681116,2.9677945828503107,10.617696248511924,0.15567176709767316,0.8443282329023268,0.001310992324774574,0.05021072581842679,0.004784302831024716,0.016535030352568782,0.034907494468684186,0.00016895499492865104,0.004664695260249098,0.2546939884698369,3.7979531567114095e-13
4,held_out,2,0.6816264299066137,2.458121983546678,16.24299789279617,0.9970576752094996,0.0029423247905003835,0.005228513954933778,0.13140817809974287,0.01808093069160161,0.060001658649778813,0.1242400030579616,0.00016540436391307675,0.017628907424311575,0.8536937961391534,4.96626622785919e-13
5,held_out,2,0.6599441951335548,1.0439701839910194,13.932152061117463,0.6923895572107965,0.30761044278920346,0.003577633993440606,0.07321574129918845,0.010730145664436159,0.03110828480256549,0.05949231514036981,0.0016134735557250227,0.010461892022825256,0.3298497216577216,4.331920426246904e-13
6,held_out,2,1.988773009963785,0.6524291205720452,7.32274600516064,0.7600579875077066,0.2399420124922934,0.005650952054194501,0.12598800081201056,0.025697126115375227,0.060808142245270896,0.14845950362686994,0.0006293724319211046,0.025054697962490848,0.8576921838722424,3.624056612169797e-13
7,held_out,2,0.8853980793849774,2.443914145050887,17.073749129187373,0.5492712270443141,0.4507287729556859,0.0019020415324163418,0.06767972215627298,0.007189936670193004,0.024101888376378264,0.05079773263430003,0.0002620877972136547,0.00701018825343818,0.35889184552672315,3.6220346955207655e-13
8,held_out,2,1.9297509520635963,1.6200266896472322,17.715275559308633,0.2548470716558192,0.7451529283441808,0.0012310300983660006,0.047636731563772516,0.003704210427312127,0.014289651236532497,0.02689883527418686,0.0005341896297276313,0.003611605166629324,0.1953310572674092,3.8412225234063393e-13
9,held_out,2,1.793898913403817,1.5456734602913198,2.5585011652980807,0.7926717158218631,0.20732828417813687,0.002263262167319035,0.054018218443541634,0.012154447081695439,0.025895076597846883,0.07242033264791041,0.0009982559841594585,0.011850585904653054,0.4315049911840505,3.4870350087375145e-13
10,held_out,2,1.5859909694180225,2.877257023016747,1.4389161210522852,0.18728774757816136,0.8127122524218386,0.0014370759584627873,0.04848819600482401,0.006426085922838294,0.017195246493849136,0.04333048745624349,0.0008440352109403048,0.006265433774767338,0.2921733642749676,3.524348848359412e-13
11,held_out,2,2.4590386836469365,1.5331185997737522,16.282066453596617,0.5352199010640784,0.46478009893592165,0.0010950258030336512,0.044091524385405464,0.006140222145131362,0.017996514380882723,0.04581067857338693,0.0004268981236399327,0.005986716591503079,0.34178214106116434,3.439730283325736e-13
12,held_out,2,1.4065105254511794,0.7338267874891586,16.759036541630323,0.4998321078401964,0.5001678921598036,0.0032319126247906138,0.08798370165430877,0.011133817775763838,0.034282897517418295,0.06851818993734429,0.001698991512354666,0.01085547233136974,0.42166509699031834,3.977969562999326e-13
13,held_out,2,2.009496227448692,1.2658379418828822,11.367596780943451,0.5557683306690104,0.44423166933098956,0.0013015545760341482,0.040999813719803414,0.008114613886733488,0.020018943927742363,0.05362847309667719,0.00036379220479415016,0.007911748539565153,0.3544239031980311,3.3604423899378895e-13
14,held_out,2,0.583732361683323,2.7638879993420185,10.97442194526106,0.11537225765766501,0.884627742342335,0.004452670139704843,0.13272108938365842,0.012252734580819062,0.04463040734904434,0.08127279606787542,0.00021247022327021946,0.011946416216298586,0.5390851598981525,4.0517634620767674e-13
15,held_out,2,1.0360544876112796,0.8339786235270639,9.547558661946649,0.3353821675103996,0.6646178324896004,0.002227244357245943,0.04605356054425571,0.007472823349965513,0.019718190708193382,0.039538623058062085,0.0010792107509387978,0.007286002766216376,0.20919840334975046,3.6967728979808156e-13
16,held_out,2,2.2187323428507395,2.11105443253349,12.467359709711952,0.17348328761617138,0.8265167123838286,0.0007289125093231392,0.029461721881125412,0.002486898201225444,0.009233290259883996,0.018473265084569777,7.556334333014175e-05,0.002424725746194808,0.1372237603922126,3.7835330075805886e-13
17,held_out,2,0.6785171558477375,0.565481395715121,15.235103334595802,0.892769457309245,0.10723054269075505,0.007402973882691515,0.11796831641108213,0.022470671030616365,0.062306474435200064,0.11785126175919612,0.0035183586512383697,0.021908904254850956,0.6180910164770275,5.608430474040817e-13
18,held_out,2,2.4498081245502195,1.9184417757510792,11.836454912378706,0.7977329050965416,0.2022670949034584,0.0012953503128541343,0.047020479475469334,0.006904666457247846,0.01968603939874044,0.05117247457221914,1.0568204639365213e-05,0.006732049795816649,0.3792539683210389,3.7257925112565477e-13
19,held_out,2,0.7926804168117321,2.2094347847551,10.263987262951881,0.4564446084205026,0.5435553915794974,0.0016889892877077328,0.049477578350234266,0.008154120154210236,0.021581782108881564,0.05149276770851532,0.00012556294381972869,0.00795026715035498,0.32517366388255387,3.3381088039871253e-13
20,held_out,2,0.6907337138916887,0.9489534125302835,17.882517189927842,0.9811684817757126,0.018831518224287414,0.004693400862455956,0.08675381198274715,0.014516646101795452,0.043391185267776314,0.08471711614473669,0.0022865557679179476,0.014153729949250567,0.4943972400755253,5.874954395717099e-13
21,held_out,2,1.148232213418964,1.2002110185321995,10.545268128487901,0.2862865574795531,0.7137134425204469,0.001272718578721902,0.03167429074321265,0.0037903882478472015,0.011760473930096167,0.022007622734130396,0.000611194040796644,0.0036956285416510216,0.1277799071593517,3.701921223878644e-13
22,held_out,2,1.1630594251507897,1.5850989796701538,8.050030940525309,0.6833613633655716,0.31663863663442837,0.0005458089716233115,0.013241052297607027,0.003245156907002332,0.007165420143057672,0.019242255670808183,0.00012442994375647142,0.003164027984327274,0.11409753485318407,3.4665440661256614e-13
23,held_out,2,1.761105831116366,1.2643603882875027,1.3142324750203633,0.5031562344659594,0.49684376553404064,0.0022809047707456113,0.05247790265439209,0.013691873944243352,0.025704248802742864,0.07642842910319811,0.001109484201777473,0.013349577095637269,0.42662566124767115,2.9988365601150377e-13
24,held_out,2,2.3655447049609433,0.9948070064621277,4.339799478591771,0.10467183571036098,0.895328164289639,0.004368355608082308,0.11939512752673426,0.014349250608344473,0.04267354082983191,0.08785690824527155,0.00027521539059854275,0.013990519343135862,0.5379260936406919,3.8537923817266574e-13
25,held_out,2,1.6636397879077331,1.513378170677623,8.141631939536365,0.49442904074396155,0.5055709592560385,0.0006764392673707974,0.019618289692204874,0.0047067394234056375,0.010432324802075803,0.02957444329913561,5.0054665608855066e-05,0.004589070937820496,0.1858287909681904,3.2046397549525733e-13
26,held_out,2,0.48760720731958074,0.6365441870655957,2.078282417672071,0.5334951841226455,0.4665048158773545,0.0021186760643917275,0.020356478817566977,0.011401690659755003,0.015042910178369217,0.04137338746524968,0.001348715997450129,0.01111664839326113,0.15013187442382875,3.123344744055792e-13
27,held_out,2,1.7516040568025373,0.9017518314808288,4.8818215734624655,0.08332091308344847,0.9166790869165515,0.0045199186350661944,0.10153039509194706,0.014256456323031238,0.040259082938802045,0.0794481699510247,0.0001223329492428216,0.013900044914955457,0.4427475920765723,3.978239565116858e-13
28,held_out,2,0.9864420017526587,0.8414552545929193,15.311159586946825,0.3946249498259936,0.6053750501740064,0.0032215016836230404,0.07834593790092763,0.00943591300002754,0.029152695136660224,0.054485768066034015,0.0017310689446723502,0.009200015175026851,0.3146170298239278,4.072779498584467e-13
29,held_out,2,1.9957458589963668,2.6995392380417638,0.40921642772708955,0.5248411275833301,0.4751588724166699,0.0015338274678042359,0.05272689955789326,0.007017123339441457,0.01810027304563887,0.04796654569649194,0.0010502816526439373,0.006841695255955421,0.32788215266525245,2.9954810248112187e-13
30,held_out,2,2.431817127725501,2.5445770673612675,3.703862584501511,0.1180344386935892,0.8819655613064108,0.0009553908369438553,0.037157766614312075,0.004054110907606559,0.012241789758428013,0.029456864828175878,0.0004839057557735976,0.0039527581349163956,0.21403136354197488,3.7704820334125176e-13
31,held_out,2,1.1782169802684226,2.507851177143895,1.4593083534727833,0.10454175423771905,0.895458245762281,0.002301907361205856,0.06294115927188768,0.009381796177511616,0.02477810776578994,0.05769663222233306,0.0009594766498565958,0.009147251273073826,0.3548255906239591,3.80948126310917e-13
32,held_out,2,0.954566455956152,1.0812095003354196,15.129925071586642,0.34000354280613354,0.6599964571938665,0.0025053599636934588,0.0645553874459639,0.007152754690888776,0.02288355379412121,0.0424441728614204,0.0012977326872745051,0.0069739358236165575,0.25186209897354767,4.014212528046437e-13
33,held_out,2,2.4846153748941693,2.2276028670246975,7.97939174347892,0.02684767126974552,0.9731523287302545,0.0011690914248916812,0.04538487037066602,0.004021821333663073,0.0145996722040756,0.029680719813863936,0.00016666292746460814,0.003921275800321497,0.21904133863319353,4.186097977846462e-13
34,held_out,2,0.8268463111248282,2.8311506624502183,13.383832475096956,0.7436835505731362,0.2563164494268638,0.002973232831749281,0.09542156809672278,0.012492726532178875,0.0381495805978324,0.0878659389841069,0.00016863552405111632,0.012180408368874403,0.6179934551254654,3.742948556702645e-13
35,held_out,2,0.8182345235551602,0.541875028197548,9.883941140197017,0.5199507647442473,0.4800492352557527,0.0043832099782364934,0.07331442126291413,0.015363430831923146,0.03646212006395493,0.07416064350958018,0.0023782610943159283,0.01497934506112507,0.3579800049821678,3.910637157870306e-13
36,shifted,2,0.0953027475953062,5.425587723670859,38.07484376239985,0.4893772790169403,0.5106227209830597,0.005158475608187236,0.3190786591478193,0.0076154781014724105,0.05635335863638502,0.0732575129757055,0.00016395828137610532,0.0074250911489356,0.7047046995444769,3.865488434568663e-13
37,shifted,2,0.08503979370077389,5.593905061134553,28.33880972159264,0.8176616608563819,0.18233833914361808,0.008599251223243546,0.3766871488935813,0.016188515277761762,0.09399081087107519,0.14868685824677505,5.773372621335622e-05,0.01578380239581772,1.365646042022528,4.248754141000258e-13
38,shifted,2,0.04580437632288517,7.098307986567642,39.98342361748672,0.0065138628761264306,0.9934861371238736,0.0053378208860278865,0.31774617188766896,0.009354484196974207,0.0655123668079343,0.09831413761900257,0.00010135328118009881,0.009120622092049854,1.0332659131429849,4.865180987957145e-13
39,shifted,2,0.09483160598305787,4.3161209426137965,26.378577828496415,0.4993721651661398,0.5006278348338602,0.006509976214285489,0.3056135266276084,0.010394110056144242,0.06344768945598354,0.08689535725168233,8.989992936485076e-05,0.010134257304740636,0.7264501791025406,3.7348723606732033e-13
40,shifted,2,0.14678603510321758,7.087313982926544,33.46734770151099,0.30955381406462745,0.6904461859353725,0.003900660114373996,0.27900684885708266,0.006154147163814137,0.0463487904667594,0.06300967962029683,0.00011290193129715124,0.0060002934847187845,0.6451291495265185,3.699381791937636e-13
41,shifted,2,0.07182627904416611,7.468253738145731,22.191504881687532,0.3552500660977137,0.6447499339022863,0.004724437702347428,0.31197280121782983,0.0074692478261330734,0.051967077603742966,0.07340065444358732,0.00031023408373998044,0.0072825166304797476,0.721311730198163,3.3814986247565174e-13
42,shifted,2,0.1105996101296382,6.63244446439853,31.59734740430357,0.4627699126194027,0.5372300873805973,0.0046426173128078846,0.3094757237875971,0.007389571765108459,0.05272083703844616,0.07319568413832234,7.706569635327984e-05,0.007204832470980749,0.7250228222661311,3.5376926631858917e-13
43,shifted,2,0.09872294949581184,7.543882939530043,35.11559218034999,0.14430218734557754,0.8556978126544225,0.004395899910100473,0.2995948640398185,0.007349444436603026,0.05362786612021162,0.07725882075569057,0.0001438532687081606,0.007165708325687952,0.8121600804045007,4.157899690637471e-13
44,shifted,2,0.13452795082453975,6.903026688172963,27.19408271750623,0.825954177276535,0.17404582272346503,0.007257081628331995,0.36648059052574067,0.015013083400281962,0.08750663699471085,0.14756896175959439,0.00011475594808897616,0.014637756315274916,1.4505080598163893,4.0671437613857493e-13
45,shifted,2,0.12300386428644713,4.684552758551927,25.42065345510763,0.98030550164684,0.01969449835315995,0.010923311680961507,0.35950747723024135,0.02276329554225779,0.11700108910551224,0.19428302701617817,0.00012130842773607891,0.022194213153701344,1.6581911224803776,4.979121093828186e-13
46,shifted,2,0.11121920057181447,7.1885020601006655,28.173426725265024,0.14187319184818403,0.858126808151816,0.00480268039470109,0.29789547962202717,0.008364238017843022,0.0565019153360666,0.08371836031795946,0.00023382552004060217,0.008155132067396948,0.8379440947730364,4.0590278614428204e-13
47,shifted,2,0.04817976414896978,6.691388071256744,29.695577182533764,0.9182274230351365,0.08177257696486351,0.009388459633325553,0.4162973980511285,0.01740517618586737,0.10658408636925222,0.1706934601098953,3.597045246853906e-05,0.016970046781220688,1.6739995627247046,4.5302881715201844e-13
0,held_out,4,1.5138582652023054,0.6358884421298465,5.754815063270506,0.4240048817552994,0.5759951182447006,0.003043462415523911,0.06073154001199722,0.014666924984929882,0.0311075203631878,0.07615660146570521,0.0009926044574055126,0.014300251860306637,0.3954358498980201,8.596205165166558e-13
1,held_out,4,2.0323011531239707,1.2781543573855934,0.8143296465726717,0.5782856298779917,0.4217143701220083,0.001029490358371026,0.025019340256004264,0.006309007111042594,0.013502372091456551,0.03649989581706915,0.0003691229500107627,0.00615128193326653,0.21116514392971455,8.014873292076633e-13
2,held_out,4,0.8278754639948969,0.5059031621615959,11.380251959399873,0.7837055184477977,0.21629448155220232,0.0031410347237179575,0.04917462759679586,0.013042512871080443,0.029087413484949337,0.06460633990482863,0.000884550048884124,0.012716450049303432,0.3200287549766075,1.2117257572052895e-12
3,held_out,4,1.3524958924681116,2.9677945828503107,10.617696248511924,0.15567176709767316,0.8443282329023268,0.0008625160624148327,0.033034180830423254,0.004795423598789918,0.01349676566084823,0.034988634428457205,0.0002740996484247808,0.00467553800882017,0.25528600632426673,1.0035892205583993e-12
4,held_out,4,0.6816264299066137,2.458121983546678,16.24299789279617,0.9970576752094996,0.0029423247905003835,0.0016083682878042312,0.04042310075778192,0.007109327549351137,0.02106582943426577,0.048850520558750964,0.0004263168728535681,0.006931594360617359,0.33566794359879415,1.3207539794918234e-12
5,held_out,4,0.6599441951335548,1.0439701839910194,13.932152061117463,0.6923895572107965,0.30761044278920346,0.0006336613170591541,0.01296778349774372,0.0029766627249278635,0.006976213612626026,0.01650383530998467,5.9139736167324356e-05,0.0029022461568046676,0.09150401140784184,1.1303328481607307e-12
6,held_out,4,1.988773009963785,0.6524291205720452,7.32274600516064,0.7600579875077066,0.2399420124922934,0.0028056673634606647,0.06255236616342158,0.012327732454484151,0.03035567466767232,0.07122076736598716,0.0009056415604921997,0.01201953914312205,0.4114623449955715,9.615676341181526e-13
7,held_out,4,0.8853980793849774,2.443914145050887,17.073749129187373,0.5492712270443141,0.4507287729556859,0.0011598073080511724,0.041269044353620464,0.005391123524774732,0.016006941989063043,0.0380889100936463,0.00033671837310842454,0.005256345436655364,0.26910254707667663,9.519297201079406e-13
8,held_out,4,1.9297509520635963,1.6200266896472322,17.715275559308633,0.2548470716558192,0.7451529283441808,0.0007866183266812302,0.03043948813355237,0.00377221110889845,0.011530526980163696,0.027392635280535368,0.00024074278555214108,0.003677905831175989,0.19891688082948994,1.0124458300556982e-12
9,held_out,4,1.793898913403817,1.5456734602913198,2.5585011652980807,0.7926717158218631,0.20732828417813687,0.0005815367949260127,0.013879780290094113,0.003883595005259621,0.008294299002994658,0.023139780876929292,0.00017608796960623602,0.003786505130128131,0.13787469041110978,9.222265923387461e-13
10,held_out,4,1.5859909694180225,2.877257023016747,1.4389161210522852,0.18728774757816136,0.8127122524218386,0.0007404473244141136,0.02498333841437564,0.005053272943105272,0.01188312916238254,0.03407373983220665,0.00026060353615145834,0.004926941119527641,0.2297559936351768,9.315326480181426e-13
11,held_out,4,2.4590386836469365,1.5331185997737522,16.282066453596617,0.5352199010640784,0.46478009893592165,0.001018455578303333,0.04100840257992866,0.005077499268478478,0.01547508715453049,0.03788196606686428,0.0003293744986736933,0.004950561786766517,0.2826279783041862,9.084125876654465e-13
12,held_out,4,1.4065105254511794,0.7338267874891586,16.759036541630323,0.4998321078401964,0.5001678921598036,0.002311472797841357,0.0629261854009745,0.009751705416002673,0.02670588031008376,0.060012586640422215,0.0006999007445818109,0.009507912780602607,0.36932109837568083,1.0413597926742894e-12
13,held_out,4,2.009496227448692,1.2658379418828822,11.367596780943451,0.5557683306690104,0.44423166933098956,0.0012062201306975895,0.037996716829475904,0.006196634947034166,0.016476379236930568,0.040952789027984694,0.0003960072112011672,0.0060417190733583126,0.27065188501596854,8.884706899001545e-13
14,held_out,4,0.583732361683323,2.7638879993420185,10.97442194526106,0.11537225765766501,0.884627742342335,0.0027351133911729473,0.08152574016820585,0.011362525797188473,0.0328173190065073,0.07536801159281631,0.0007577765763703974,0.011078462652258763,0.49991852804949655,1.071849460536871e-12
15,held_out,4,1.0360544876112796,0.8339786235270639,9.547558661946649,0.3353821675103996,0.6646178324896004,0.0015882459840068101,0.0328407533487138,0.007654935273389491,0.016988382238182005,0.04050217516647269,0.0004883868104170448,0.007463561891554754,0.2142965465584246,9.738634799297208e-13
16,held_out,4,2.2187323428507395,2.11105443253349,12.467359709711952,0.17348328761617138,0.8265167123838286,0.00047180730915984625,0.019069854812695124,0.002372303221885627,0.0072597788037554395,0.017622026610207585,0.00013578445876762777,0.0023129956413384866,0.13090056068129205,9.999190484484246e-13
17,held_out,4,0.6785171558477375,0.565481395715121,15.235103334595802,0.892769457309245,0.10723054269075505,0.0024477129292951568,0.03900494286515102,0.00932119483567317,0.023340359840024166,0.048886594040322875,0.0005706564997626295,0.009088164964781341,0.25639406953676613,1.4571669516195514e-12
18,held_out,4,2.4498081245502195,1.9184417757510792,11.836454912378706,0.7977329050965416,0.2022670949034584,0.0006054561641886629,0.021977714336442366,0.0034895376515557803,0.009925134307837367,0.02586196999503081,0.0001936456005675079,0.003402299210266886,0.191670518793708,9.857516772012648e-13
19,held_out,4,0.7926804168117321,2.2094347847551,10.263987262951881,0.4564446084205026,0.5435553915794974,0.0015179744210724112,0.04446783582280376,0.007502943984068295,0.019273532546404275,0.047380630208416485,0.00046002808876174423,0.007315370384466588,0.2992057682575755,8.804514797906347e-13
20,held_out,4,0.6907337138916887,0.9489534125302835,17.882517189927842,0.9811684817757126,0.018831518224287414,0.000855735490551118,0.015817595391881416,0.003957004479495296,0.01011225738624459,0.023092524659203813,7.933572498914626e-05,0.0038580793675079142,0.1347647438609805,1.5293056371977263e-12
21,held_out,4,1.148232213418964,1.2002110185321995,10.545268128487901,0.2862865574795531,0.7137134425204469,0.0007392308593103196,0.018397321729728792,0.0034601189044895747,0.008621354990367341,0.02009002415741683,0.00019235421492691792,0.003373615931877336,0.1166460118240159,9.76061957148059e-13
22,held_out,4,1.1630594251507897,1.5850989796701538,8.050030940525309,0.6833613633655716,0.31663863663442837,0.0004936857719096141,0.011976569577077474,0.002667326277635793,0.006209900033192963,0.015815991541421062,3.3472272250836445e-05,0.0026006431206948982,0.09378139844969442,9.163356100431795e-13
23,held_out,4,1.761105831116366,1.2643603882875027,1.3142324750203633,0.5031562344659594,0.49684376553404064,0.0009497241864819799,0.021850773450059854,0.005790190178544162,0.011989236130532549,0.032321005974566185,0.0003255389987360894,0.005645435424080559,0.1804167730239563,7.9303115425047e-13
24,held_out,4,2.3655447049609433,0.9948070064621277,4.339799478591771,0.10467183571036098,0.895328164289639,0.002303039188876358,0.06294626223794791,0.01164559856835497,0.028114624062440974,0.07130311629558142,0.000713518996768832,0.011354458604146097,0.43657132466136356,1.0194266741913386e-12
25,held_out,4,1.6636397879077331,1.513378170677623,8.141631939536365,0.49442904074396155,0.5055709592560385,0.0006554027993317191,0.019008183886704347,0.0035864114869057794,0.008872885132991391,0.02253494694000242,0.00019715191143672425,0.003496751199733135,0.14159664484759266,8.476554775206268e-13
26,held_out,4,0.48760720731958074,0.6365441870655957,2.078282417672071,0.5334951841226455,0.4665048158773545,0.0010133338493638706,0.00973622602642727,0.005694800561923658,0.007966840854914014,0.02066475904467767,9.94721530648091e-05,0.005552430547875566,0.07498634267015304,8.262287840030457e-13
27,held_out,4,1.7516040568025373,0.9017518314808288,4.8818215734624655,0.08332091308344847,0.9166790869165515,0.0023209625376600304,0.052135505629246764,0.011881459188163036,0.02620944323389546,0.06621282087627749,0.000724713921753451,0.011584422708458962,0.368989833568736,1.0523781422806907e-12
28,held_out,4,0.9864420017526587,0.8414552545929193,15.311159586946825,0.3946249498259936,0.6053750501740064,0.0015206578792434425,0.03698193559277486,0.006579305850070239,0.016976557617537517,0.03799086877776232,0.0004306473277938446,0.006414823203818483,0.21937057546484898,1.0643950104880968e-12
29,held_out,4,1.9957458589963668,2.6995392380417638,0.40921642772708955,0.5248411275833301,0.4751588724166699,0.00029697498899416644,0.01020882122962502,0.0019867229183051054,0.004779116495302915,0.01358052738100154,8.687735741364535e-05,0.001937054845347478,0.0928316285310044,7.920064180375671e-13
30,held_out,4,2.431817127725501,2.5445770673612675,3.703862584501511,0.1180344386935892,0.8819655613064108,0.0003177213575212767,0.012357053882705167,0.0020086977414046844,0.005361661367734332,0.01459504665701224,4.344386493330383e-05,0.0019584802978695674,0.10604651089586148,9.966493094432597e-13
31,held_out,4,1.1782169802684226,2.507851177143895,1.4593083534727833,0.10454175423771905,0.895458245762281,0.0012465515272865836,0.034084515972206055,0.008025614752875264,0.017644564548240475,0.04935632089990598,0.0004275456807604204,0.007824974384053383,0.30353393326059597,1.0068636122952268e-12
32,held_out,4,0.954566455956152,1.0812095003354196,15.129925071586642,0.34000354280613354,0.6599964571938665,0.0008355360486048393,0.02152918308123595,0.0034989255489464638,0.009474475362476547,0.02076249043153901,0.00018153223753730906,0.0034114524102228025,0.12320382439962138,1.0513129297544435e-12
33,held_out,4,2.4846153748941693,2.2276028670246975,7.97939174347892,0.02684767126974552,0.9731523287302545,0.000540578921344082,0.020985616477846258,0.002881621846682488,0.008448296982712215,0.02126613878269741,0.0001426703403032645,0.0028095813005154257,0.15694240354458905,1.1065855363319748e-12
34,held_out,4,0.8268463111248282,2.8311506624502183,13.383832475096956,0.7436835505731362,0.2563164494268638,0.001476250452524887,0.047378103584489115,0.0068697618730220456,0.020192426440011187,0.048317561103694555,0.0004280960593141504,0.0066980178261964955,0.3398351724791677,9.906903178432005e-13
35,held_out,4,0.8182345235551602,0.541875028197548,9.883941140197017,0.5199507647442473,0.4800492352557527,0.0028255056875829045,0.04725995680990764,0.01256500905883815,0.026449820757115713,0.06065241336400759,0.0008500010658408562,0.012250883832367197,0.2927745797597226,1.024412602346939e-12
36,shifted,4,0.0953027475953062,5.425587723670859,38.07484376239985,0.4893772790169403,0.5106227209830597,0.004415123800628132,0.2730984673146708,0.00811033712177034,0.05022149688941685,0.078017836702933,0.00048160577246036826,0.007907578693726084,0.7504968970361225,1.0109353821533356e-12
37,shifted,4,0.08503979370077389,5.593905061134553,28.33880972159264,0.8176616608563819,0.18233833914361808,0.006142029152531962,0.2690494078873823,0.01073423022204217,0.06588735756020214,0.09859081824542111,0.00042755579385931854,0.010465874466491117,0.9055283184016168,1.1558880468573007e-12
38,shifted,4,0.04580437632288517,7.098307986567642,39.98342361748672,0.0065138628761264306,0.9934861371238736,0.0036379773139223848,0.21655903965208156,0.007079066890000609,0.044195002646312584,0.0743998644695731,0.0005797676975813473,0.006902090217750594,0.7819307147541827,1.3148477255280503e-12
39,shifted,4,0.09483160598305787,4.3161209426137965,26.378577828496415,0.4993721651661398,0.5006278348338602,0.005626783922071745,0.2641516990833754,0.010825042062981297,0.056874459892534465,0.09049797358757104,0.0006562969661093203,0.010554416011406765,0.7565682586549832,9.79388761489985e-13
40,shifted,4,0.14678603510321758,7.087313982926544,33.46734770151099,0.30955381406462745,0.6904461859353725,0.0035455932240849295,0.2536095849868019,0.007191742412252022,0.044089669173614225,0.07363317341063608,0.0005149326916592693,0.007011948851945721,0.7538985569455356,9.7306644249579e-13
41,shifted,4,0.07182627904416611,7.468253738145731,22.191504881687532,0.3552500660977137,0.6447499339022863,0.004550488853059131,0.3004862893406335,0.008400555823540557,0.051372214797044,0.08255266252920553,0.0005722645011464461,0.008190541927952044,0.8112489499282465,8.913893141418325e-13
42,shifted,4,0.1105996101296382,6.63244446439853,31.59734740430357,0.4627699126194027,0.5372300873805973,0.004224909525787925,0.2816314258388751,0.007960786982772996,0.04958791019237556,0.07885372359936312,0.0004975934959954049,0.007761767308203672,0.7810672159599552,9.290730005536317e-13
43,shifted,4,0.09872294949581184,7.543882939530043,35.11559218034999,0.14430218734557754,0.8556978126544225,0.0034869662299109507,0.23764808001229776,0.006993445631785396,0.04338366277846499,0.07351649055809566,0.0005429474141789847,0.006818609490990761,0.7728199615099859,1.1070666681504487e-12
44,shifted,4,0.13452795082453975,6.903026688172963,27.19408271750623,0.825954177276535,0.17404582272346503,0.005050915598815546,0.25506982367718717,0.009445345442804643,0.059709566880308304,0.09284167570994907,0.00039874819694877243,0.009209211806734528,0.9125740081002165,1.1025954885456227e-12
45,shifted,4,0.12300386428644713,4.684552758551927,25.42065345510763,0.98030550164684,0.01969449835315995,0.006712211348199665,0.22091195773835598,0.012835215739421636,0.07069987782537122,0.10954760753473895,0.00045235611968602016,0.012514335345936097,0.9349806470121673,1.3727338388162897e-12
46,shifted,4,0.11121920057181447,7.1885020601006655,28.173426725265024,0.14187319184818403,0.858126808151816,0.0037895769238020897,0.23505579020542972,0.007856851421257244,0.04550437830078808,0.07863988528857171,0.0006109763327078732,0.007660430135725814,0.7871132119754564,1.080385320785989e-12
47,shifted,4,0.04817976414896978,6.691388071256744,29.695577182533764,0.9182274230351365,0.08177257696486351,0.0065434368206873,0.29014511742638,0.010440011211910303,0.07140517563906827,0.10238572814873605,0.0003176525356280393,0.010179010931612546,1.0041021140463642,1.2454327668830284e-12
0,held_out,8,1.5138582652023054,0.6358884421298465,5.754815063270506,0.4240048817552994,0.5759951182447006,8.372660918469254e-05,0.0016707437850497285,0.0007276859729709997,0.0011868564117267465,0.0037784396315299826,7.94209021292984e-06,0.0007094938236467248,0.01961918544455081,1.887305632991061e-12
1,held_out,8,2.0323011531239707,1.2781543573855934,0.8143296465726717,0.5782856298779917,0.4217143701220083,0.00012395672704902032,0.003012476518932467,0.0010319836263949773,0.0018645321631099423,0.005970399808617933,1.717019220505998e-05,0.001006184035735103,0.03454092968438452,1.7600892021890181e-12
2,held_out,8,0.8278754639948969,0.5059031621615959,11.380251959399873,0.7837055184477977,0.21629448155220232,0.00024159725466797377,0.0037823380101456787,0.0013427380869869524,0.0025799992853687485,0.006651279098477292,4.9803675662525994e-05,0.0013091696348122785,0.032947239729463916,2.658309457074189e-12
3,held_out,8,1.3524958924681116,2.9677945828503107,10.617696248511924,0.15567176709767316,0.8443282329023268,4.724412525990411e-05,0.0018094398991728281,0.00034207821825966013,0.0008692421228794707,0.002495889983034132,1.4965084300119072e-06,0.00033352626280316866,0.018210650298352345,2.205261200348192e-12
4,held_out,8,0.6816264299066137,2.458121983546678,16.24299789279617,0.9970576752094996,0.0029423247905003835,0.00015152999817547507,0.0038084016145556493,0.0008931977613113452,0.002338274237361262,0.006137454674732573,3.234081735494721e-05,0.0008708678172785617,0.042172463384921685,2.902237332364383e-12
5,held_out,8,0.6599441951335548,1.0439701839910194,13.932152061117463,0.6923895572107965,0.30761044278920346,0.00014002238053729995,0.0028655369465718566,0.0007372532730248665,0.0016830356590916762,0.004087633609899297,1.4903325368255387e-05,0.0007188219411992449,0.02266351217434988,2.4829748082952974e-12
6,held_out,8,1.988773009963785,0.6524291205720452,7.32274600516064,0.7600579875077066,0.2399420124922934,8.699883809641795e-05,0.0019396394766081335,0.0005899118161916987,0.001171810473170353,0.0034080859868234384,6.125385840002449e-06,0.0005751640207869062,0.019689468450667286,2.110161581373441e-12
7,held_out,8,0.8853980793849774,2.443914145050887,17.073749129187373,0.5492712270443141,0.4507287729556859,8.852016178645768e-05,0.003149783983594109,0.0005511889895021726,0.0014681932849772389,0.0038942138441602947,5.113724429404213e-06,0.0005374092647646184,0.027513070385797186,2.0939578848223522e-12
8,held_out,8,1.9297509520635963,1.6200266896472322,17.715275559308633,0.2548470716558192,0.7451529283441808,4.315866197979126e-05,0.0016700953113265435,0.0002935599105903785,0.0007576907900689711,0.0021317416580476137,7.906174972475694e-07,0.00028622091282561903,0.015480051371852856,2.222363291389983e-12
9,held_out,8,1.793898913403817,1.5456734602913198,2.5585011652980807,0.7926717158218631,0.20732828417813687,0.00010175875076332301,0.0024287183812144925,0.0007694598509895169,0.0015050953694437247,0.0045847036885613155,1.578924781349749e-05,0.0007502233547147791,0.027317225044135668,2.0252668876851844e-12
10,held_out,8,1.5859909694180225,2.877257023016747,1.4389161210522852,0.18728774757816136,0.8127122524218386,4.604719703805585e-05,0.001553672582375067,0.0004196787198174196,0.0008460955343713794,0.0028298537746082714,3.6025370791596926e-06,0.00040918675182198414,0.01908143541123214,2.045970209644705e-12
11,held_out,8,2.4590386836469365,1.5331185997737522,16.282066453596617,0.5352199010640784,0.46478009893592165,4.650760129317611e-05,0.001872641750398801,0.0004175621156186087,0.000978394128143009,0.0031153276560514863,2.7038543067910095e-06,0.00040712306272814355,0.023242689031262132,1.993632826694573e-12
12,held_out,8,1.4065105254511794,0.7338267874891586,16.759036541630323,0.4998321078401964,0.5001678921598036,0.00010262175249449299,0.0027937146522650047,0.0006737554195996194,0.0015037195856011272,0.004146331720277747,2.1418417108942177e-05,0.0006569115341096291,0.025516776911119827,2.2859159712052255e-12
13,held_out,8,2.009496227448692,1.2658379418828822,11.367596780943451,0.5557683306690104,0.44423166933098956,5.98492188476282e-05,0.001885289229672782,0.0005443754583355558,0.001117143541019875,0.0035977096420531755,5.991844577166926e-06,0.0005307660718771669,0.023776815193134477,1.950015978514401e-12
14,held_out,8,0.583732361683323,2.7638879993420185,10.97442194526106,0.11537225765766501,0.884627742342335,9.389034444873684e-05,0.0027985968883536714,0.00046336316500760215,0.0012309817200311123,0.0030735032875012923,4.792902467358259e-06,0.0004517790858824121,0.020386649547609745,2.3599404109868495e-12
15,held_out,8,1.0360544876112796,0.8339786235270639,9.547558661946649,0.3353821675103996,0.6646178324896004,8.113442548152053e-05,0.0016776467135186477,0.00059057863106572,0.0010763878209168673,0.0031247447967522987,1.8307512149466728e-06,0.0005758141652890771,0.01653298905720823,2.1375012208358294e-12
16,held_out,8,2.2187323428507395,2.11105443253349,12.467359709711952,0.17348328761617138,0.8265167123838286,3.9167664380913606e-05,0.001583107464838657,0.000254768731251787,0.0006814341114152241,0.0018924820908852026,8.257973536033769e-07,0.0002483995129704923,0.014057802332036016,2.1956851375771115e-12
17,held_out,8,0.6785171558477375,0.565481395715121,15.235103334595802,0.892769457309245,0.10723054269075505,0.00024233937571607408,0.003861741052494975,0.0010367358824557441,0.0024303256238656086,0.005437337927824744,5.4055299763641166e-05,0.0010108174853943506,0.028517044930798496,3.1968196360564627e-12
18,held_out,8,2.4498081245502195,1.9184417757510792,11.836454912378706,0.7977329050965416,0.2022670949034584,5.9085591527334826e-05,0.002144773360640598,0.00048613138248471984,0.0011526517929447242,0.0036028598865690455,1.0046354870818922e-05,0.0004739780979226019,0.026701833763337263,2.1642283974589543e-12
19,held_out,8,0.7926804168117321,2.2094347847551,10.263987262951881,0.4564446084205026,0.5435553915794974,0.00010315428000775495,0.0030218213983894014,0.0006260035231533075,0.0014740692966918464,0.003953173781208223,6.509298590943657e-06,0.0006103534350744748,0.024964049508400196,1.9360740138419266e-12
20,held_out,8,0.6907337138916887,0.9489534125302835,17.882517189927842,0.9811684817757126,0.018831518224287414,0.0001120099345909544,0.0020704152682621308,0.0005521354194706351,0.0013636401588154167,0.003222185078489406,1.6189932668018243e-05,0.0005383320339838693,0.018804221417264035,3.356926562441966e-12
21,held_out,8,1.148232213418964,1.2002110185321995,10.545268128487901,0.2862865574795531,0.7137134425204469,7.375122819638669e-05,0.0018354551301571055,0.00044681731959061766,0.000977242326203663,0.002594295454089876,2.783897365338436e-06,0.00043564688660085223,0.015062909623283818,2.142769864878697e-12
22,held_out,8,1.1630594251507897,1.5850989796701538,8.050030940525309,0.6833613633655716,0.31663863663442837,8.320364586715726e-05,0.002018478778393811,0.0005190194788579351,0.0011407204864014424,0.0030775416402097663,8.4370213986761e-07,0.0005060439918864868,0.018248375895382283,2.012488138069226e-12
23,held_out,8,1.761105831116366,1.2643603882875027,1.3142324750203633,0.5031562344659594,0.49684376553404064,8.263721056863638e-05,0.0019012751200628989,0.0007660377906068277,0.001290821699569699,0.00427604469688973,1.2258994066305965e-05,0.0007468868458416571,0.02386900290560653,1.7415275013137291e-12
24,held_out,8,2.3655447049609433,0.9948070064621277,4.339799478591771,0.10467183571036098,0.895328164289639,0.00010924483862601167,0.0029858607241721627,0.0006588040415361164,0.0014695903850757178,0.004033694010138313,2.8468463149338272e-06,0.0006423339404977135,0.02469730958159844,2.2390395249958304e-12
25,held_out,8,1.6636397879077331,1.513378170677623,8.141631939536365,0.49442904074396155,0.5055709592560385,4.0246125481725265e-05,0.0011672299151972631,0.00034895566375085665,0.0006928464283575443,0.0021926366775674652,6.489981490806238e-06,0.0003402317721570853,0.013777267714005656,1.86107001726174e-12
26,held_out,8,0.48760720731958074,0.6365441870655957,2.078282417672071,0.5334951841226455,0.4665048158773545,0.00013152416093088615,0.0012636989868276666,0.0009056276610218235,0.0011491696187642991,0.00328625685758684,3.4118462299524706e-07,0.000882986969496278,0.011924861175122928,1.8145339504043195e-12
27,held_out,8,1.7516040568025373,0.9017518314808288,4.8818215734624655,0.08332091308344847,0.9166790869165515,0.00012837562551055475,0.0028836864179683573,0.0007885237620920326,0.0016031053886322655,0.004394273614818544,4.994207603683279e-06,0.0007688106680397318,0.02448834331974984,2.3113535326088615e-12
28,held_out,8,0.9864420017526587,0.8414552545929193,15.311159586946825,0.3946249498259936,0.6053750501740064,7.179734266885891e-05,0.0017460894646685048,0.00045599688469305256,0.0009787001889248253,0.0026330616335851344,5.295076747941641e-06,0.0004445969625757263,0.01520408099043236,2.3358879772244725e-12
29,held_out,8,1.9957458589963668,2.6995392380417638,0.40921642772708955,0.5248411275833301,0.4751588724166699,2.2989084575582143e-05,0.0007902734686841194,0.00026509295196363257,0.0004756312125187067,0.0018120806175246237,4.686687622522017e-06,0.0002584656281645418,0.012386735068154115,1.7394059435260057e-12
30,held_out,8,2.431817127725501,2.5445770673612675,3.703862584501511,0.1180344386935892,0.8819655613064108,2.6934188239485384e-05,0.001047544357605725,0.00020012736029105727,0.00048533239316858514,0.0014541103425297396,7.298826986620747e-07,0.00019512417628378086,0.010565456343284615,2.1888524570330116e-12
31,held_out,8,1.1782169802684226,2.507851177143895,1.4593083534727833,0.10454175423771905,0.895458245762281,9.715624661297696e-05,0.002656547737491385,0.0007375537375448948,0.0014980838942396729,0.004535844302537585,2.569512579017235e-06,0.0007191148941062725,0.027894758699680968,2.2115054018675084e-12
32,held_out,8,0.954566455956152,1.0812095003354196,15.129925071586642,0.34000354280613354,0.6599964571938665,8.173460396768302e-05,0.0021060482738367034,0.000422363012886663,0.001030701284768351,0.0025062859700846715,1.5320104582706856e-06,0.00041180393756449644,0.01487220512258452,2.3074401034638864e-12
33,held_out,8,2.4846153748941693,2.2276028670246975,7.97939174347892,0.02684767126974552,0.9731523287302545,5.310948555715432e-05,0.002061743903123345,0.00034621882895804644,0.0009113423935528799,0.0025550672702878276,1.8606659281338146e-06,0.00033756335823409525,0.018856192123759895,2.4302901132057682e-12
34,held_out,8,0.8268463111248282,2.8311506624502183,13.383832475096956,0.7436835505731362,0.2563164494268638,8.56280934298451e-05,0.0027481086785259567,0.0005364314220823797,0.0014032438989844045,0.003772919424790078,8.34059066871164e-07,0.0005230206365303202,0.026536329528757993,2.1780754859247587e-12
35,held_out,8,0.8182345235551602,0.541875028197548,9.883941140197017,0.5199507647442473,0.4800492352557527,0.000130472548375474,0.0021823091803359054,0.0009513625840625609,0.0015982363495216584,0.004592311588269435,1.598419876661135e-05,0.0009275785194609969,0.022167495418725574,2.248081515193346e-12
36,shifted,8,0.0953027475953062,5.425587723670859,38.07484376239985,0.4893772790169403,0.5106227209830597,0.0014050033463596564,0.08690679532207381,0.0024975594887004736,0.01568189506042713,0.024025411696173882,0.00033285955754715544,0.0024351205014829617,0.2311137771821352,2.2884582347772642e-12
37,shifted,8,0.08503979370077389,5.593905061134553,28.33880972159264,0.8176616608563819,0.18233833914361808,0.0026327281606232864,0.11532572300672522,0.0050174591574852585,0.028512460609257963,0.04608391972380686,0.0005428025257538612,0.004892022678548128,0.42326755245072756,2.5886213959154875e-12
38,shifted,8,0.04580437632288517,7.098307986567642,39.98342361748672,0.0065138628761264306,0.9934861371238736,0.00127955375193333,0.07616840562514063,0.0021366266482686583,0.015036538894520888,0.02245560545243735,8.635416785754538e-05,0.002083210982061942,0.2360048334341141,2.9307711003851926e-12
39,shifted,8,0.09483160598305787,4.3161209426137965,26.378577828496415,0.4993721651661398,0.5006278348338602,0.0016755551865879808,0.07865963142978032,0.0032356051666095876,0.016774547941412244,0.02704984509104062,0.00039820138086447,0.003154715037444348,0.22613825908060234,2.20726225364442e-12
40,shifted,8,0.14678603510321758,7.087313982926544,33.46734770151099,0.30955381406462745,0.6904461859353725,0.00081806785207388,0.05851484796568742,0.0016978776986723394,0.010185282526566638,0.01738384328162322,0.00017810905313641587,0.001655430756205531,0.1779857332930054,2.177419216392472e-12
41,shifted,8,0.07182627904416611,7.468253738145731,22.191504881687532,0.3552500660977137,0.6447499339022863,0.0012225816062256469,0.08073176797782662,0.0025766049757156326,0.014144579660757337,0.025320419922127958,0.0002576404071422534,0.0025121898513227416,0.24882497358945263,1.9865666556975592e-12
42,shifted,8,0.1105996101296382,6.63244446439853,31.59734740430357,0.4627699126194027,0.5372300873805973,0.0012250517570407532,0.08166164765326266,0.00243267592171635,0.01443361698448125,0.024096305447307426,0.0002812146261767993,0.0023718590236734417,0.23868034826450635,2.087329962588854e-12
43,shifted,8,0.09872294949581184,7.543882939530043,35.11559218034999,0.14430218734557754,0.8556978126544225,0.0009090855964988148,0.06195713761767489,0.0017118392744419934,0.011160484101896871,0.017995194712676073,0.0001280438467475532,0.0016690432925809437,0.18916906369769002,2.469668737295017e-12
44,shifted,8,0.13452795082453975,6.903026688172963,27.19408271750623,0.825954177276535,0.17404582272346503,0.0020355051128073723,0.1027924383332682,0.004251411577846726,0.02445620005451025,0.04178864366688175,0.00041617720992858666,0.004145126288400559,0.41075551203209676,2.456125114926452e-12
45,shifted,8,0.12300386428644713,4.684552758551927,25.42065345510763,0.98030550164684,0.01969449835315995,0.0029588260404348737,0.09738073181724438,0.0061597249913694805,0.031376106043453984,0.05257279266479033,0.0006042112298172281,0.006005731866585244,0.4487048581629192,3.0549725516378884e-12
46,shifted,8,0.11121920057181447,7.1885020601006655,28.173426725265024,0.14187319184818403,0.858126808151816,0.0009279439418646729,0.05755750599792634,0.0018709881392990479,0.01111284320387464,0.018726877315342068,0.00012630140534635178,0.001824213435816572,0.18743888676667883,2.403780235906907e-12
47,shifted,8,0.04817976414896978,6.691388071256744,29.695577182533764,0.9182274230351365,0.08177257696486351,0.003187172644990459,0.14132368152700694,0.005637506425510684,0.035222879836225914,0.05528731613435441,0.0006085225933791636,0.005496568764872916,0.5422055594487682,2.785758825629116e-12
0,held_out,12,1.5138582652023054,0.6358884421298465,5.754815063270506,0.4240048817552994,0.5759951182447006,4.560519854568393e-05,0.0009100404611881829,0.0003901205848142152,0.0006641103541587438,0.002025663725136048,3.0202811838580932e-06,0.0003803675701938599,0.010518064637081754,2.8919230306260247e-12
1,held_out,12,2.0323011531239707,1.2781543573855934,0.8143296465726717,0.5782856298779917,0.4217143701220083,1.4488198693070351e-05,0.0003521015712785185,0.00018624662270386795,0.0002869287724386751,0.001077504305403892,5.792342196957452e-07,0.00018159045713627128,0.006233753457156311,2.696994961317576e-12
2,held_out,12,0.8278754639948969,0.5059031621615959,11.380251959399873,0.7837055184477977,0.21629448155220232,4.7958882647277455e-05,0.0007508227070303691,0.00031120887371603696,0.000575805629076972,0.0015415791784479632,2.624821271893898e-06,0.0003034286518731361,0.007636242292990358,4.073159847876719e-12
3,held_out,12,1.3524958924681116,2.9677945828503107,10.617696248511924,0.15567176709767316,0.8443282329023268,1.874082868662005e-05,0.0007177697329050273,0.00016810826865444034,0.00037382535767083695,0.001226560831421717,6.343693583225087e-07,0.00016390556193807934,0.008949300859617152,3.3791210444868982e-12
4,held_out,12,0.6816264299066137,2.458121983546678,16.24299789279617,0.9970576752094996,0.0029423247905003835,2.4989385978406586e-05,0.0006280579360709121,0.00021150919327197248,0.0004667004004812104,0.001453349015441038,3.5834132258461997e-07,0.00020622146344017318,0.009986437601165632,4.446712708064278e-12
5,held_out,12,0.6599441951335548,1.0439701839910194,13.932152061117463,0.6923895572107965,0.30761044278920346,8.605686157757004e-06,0.00017611407220066263,6.329271647120149e-05,0.0001211008668494316,0.0003509207006271017,4.2150086965123015e-07,6.171039855942146e-05,0.001945647856410898,3.8047433119254416e-12
6,held_out,12,1.988773009963785,0.6524291205720452,7.32274600516064,0.7600579875077066,0.2399420124922934,2.830762263529487e-05,0.0006311185707042747,0.0002609773618349165,0.00047056442805938983,0.0015077394033054885,1.9058928664188428e-06,0.00025445292778904357,0.008710633337300624,3.233450906357878e-12
7,held_out,12,0.8853980793849774,2.443914145050887,17.073749129187373,0.5492712270443141,0.4507287729556859,1.3172508401580148e-05,0.0004687130609537979,9.4106682645269e-05,0.00022812177620543984,0.0006648745772592422,2.1939429619973704e-07,9.17540155791373e-05,0.004697415646367804,3.2085895850219215e-12
8,held_out,12,1.9297509520635963,1.6200266896472322,17.715275559308633,0.2548470716558192,0.7451529283441808,2.5923272801220774e-05,0.0010031436187671896,0.00017769455609768287,0.00047317016609981085,0.0012903631387538802,8.320064674588195e-07,0.0001732521921952408,0.009370219698455228,3.405333167596146e-12
9,held_out,12,1.793898913403817,1.5456734602913198,2.5585011652980807,0.7926717158218631,0.20732828417813687,9.454142798821504e-06,0.0002256459540028122,9.254991163922601e-05,0.0001648313260825998,0.0005514438741965812,2.8651659561000798e-08,9.023616384824538e-05,0.0032856902940580483,3.1033281169704794e-12
10,held_out,12,1.5859909694180225,2.877257023016747,1.4389161210522852,0.18728774757816136,0.8127122524218386,1.7270255153760166e-05,0.0005827134689836433,0.00019226155524920013,0.00035703278403292183,0.0012964014188536967,1.0211012352279042e-06,0.00018745501636797013,0.00874151172150611,3.1350440146019514e-12
11,held_out,12,2.4590386836469365,1.5331185997737522,16.282066453596617,0.5352199010640784,0.46478009893592165,2.334999406632678e-05,0.0009401941305148235,0.00018264361475702032,0.00046620825359008537,0.001362658830796482,1.1868554069565065e-06,0.00017807752438809483,0.010166460467933021,3.0548495437404608e-12
12,held_out,12,1.4065105254511794,0.7338267874891586,16.759036541630323,0.4998321078401964,0.5001678921598036,4.8064722193149635e-05,0.0013084859241246627,0.0003050406943494858,0.0007080060904069598,0.001877238935915991,2.8831688587255342e-06,0.00029741467699074864,0.011552642279529821,3.502650091191873e-12
13,held_out,12,2.009496227448692,1.2658379418828822,11.367596780943451,0.5557683306690104,0.44423166933098956,2.685314853960908e-05,0.000845891603922491,0.00022034535440516805,0.0004865660443096264,0.0014562350193906962,1.3532934385745496e-06,0.00021483672054503885,0.009624075975754194,2.988020598578592e-12
14,held_out,12,0.583732361683323,2.7638879993420185,10.97442194526106,0.11537225765766501,0.884627742342335,1.0564315405520707e-05,0.00031489138095152405,6.830371911970978e-05,0.0001672426556556353,0.0004530608410781825,3.172201877098051e-07,6.659612614171705e-05,0.0030051676301655287,3.616027917457869e-12
15,held_out,12,1.0360544876112796,0.8339786235270639,9.547558661946649,0.3353821675103996,0.6646178324896004,4.9279788008007615e-05,0.0010189765183381966,0.0003381600645560968,0.0006552222882016321,0.0017892010421784099,1.6962527392758673e-06,0.00032970606294219446,0.009466642294188645,3.275295109205022e-12
16,held_out,12,2.2187323428507395,2.11105443253349,12.467359709711952,0.17348328761617138,0.8265167123838286,1.6575810314496617e-05,0.0006699732919846141,0.00012499371935103114,0.0003244127876144048,0.0009284827623181816,2.5756377032346447e-07,0.00012186887636725537,0.006896988459883678,3.3644477362426925e-12
17,held_out,12,0.6785171558477375,0.565481395715121,15.235103334595802,0.892769457309245,0.10723054269075505,2.179025832078006e-05,0.0003472334401010224,0.0001489949042308588,0.00028320060043259877,0.0007814291542683696,5.242547116523665e-07,0.00014527003162508734,0.004098338304204296,4.89834128111063e-12
18,held_out,12,2.4498081245502195,1.9184417757510792,11.836454912378706,0.7977329050965416,0.2022670949034584,1.2683567074134317e-05,0.000460406269537242,0.0001032405156658157,0.00025587431539250417,0.0007651452384330733,4.35633973131643e-07,0.00010065950277417032,0.005670712046730446,3.316272660814723e-12
19,held_out,12,0.7926804168117321,2.2094347847551,10.263987262951881,0.4564446084205026,0.5435553915794974,1.7977679377369253e-05,0.0005266416113013845,0.00012795637983317916,0.0002793768998092377,0.0008080366758111143,1.2079676848928135e-07,0.00012475747033734969,0.005102701954424724,2.966647224234436e-12
20,held_out,12,0.6907337138916887,0.9489534125302835,17.882517189927842,0.9811684817757126,0.018831518224287414,2.0094022168756388e-05,0.0003714221461776543,0.00015433568834164707,0.0003081043683134256,0.0009006814895694171,5.792499724410881e-07,0.0001504772961331059,0.005256251190957214,5.143925451996779e-12
21,held_out,12,1.148232213418964,1.2002110185321995,10.545268128487901,0.2862865574795531,0.7137134425204469,2.5881165383859343e-05,0.000644107480512121,0.00017534814445655943,0.0003756676016385484,0.001018100405023555,3.569805143070296e-07,0.00017096444084514545,0.005911259785049593,3.2833605430138056e-12
22,held_out,12,1.1630594251507897,1.5850989796701538,8.050030940525309,0.6833613633655716,0.31663863663442837,1.532251215278992e-05,0.00037171647095209694,0.0001321160402098257,0.00024380070690085363,0.0007833860416569415,4.6807718041015493e-07,0.00012881313920458007,0.004645111140844575,3.083717861569872e-12
23,held_out,12,1.761105831116366,1.2643603882875027,1.3142324750203633,0.5031562344659594,0.49684376553404064,1.4934849228010616e-05,0.00034361345287088065,0.0001666472986762949,0.000265033759124038,0.0009302299527432979,5.106695679923451e-07,0.00016248111620938754,0.005192570007760279,2.6685489745875614e-12
24,held_out,12,2.3655447049609433,0.9948070064621277,4.339799478591771,0.10467183571036098,0.895328164289639,3.2218524460953265e-05,0.0008805910465763168,0.00028656681531233786,0.0005687708256763871,0.001754577649120904,1.9593205332099565e-06,0.0002794026449295294,0.010742844468712265,3.430912571022607e-12
25,held_out,12,1.6636397879077331,1.513378170677623,8.141631939536365,0.49442904074396155,0.5055709592560385,2.0042926217754453e-05,0.000581290814691652,0.0001524551602043811,0.0003320879821703453,0.0009579405370741147,3.4032208528765447e-07,0.0001486437811992716,0.0060191473436493935,2.8517113402068235e-12
26,held_out,12,0.48760720731958074,0.6365441870655957,2.078282417672071,0.5334951841226455,0.4665048158773545,3.3443564252407715e-05,0.00032132954099499574,0.0003642052397437083,0.00036565644112832415,0.001321593871510489,1.6253452587822353e-06,0.0003551001087501156,0.004795676093081952,2.7804010538780816e-12
27,held_out,12,1.7516040568025373,0.9017518314808288,4.8818215734624655,0.08332091308344847,0.9166790869165515,4.746417686530181e-05,0.0010661821636480787,0.00041360670263690825,0.0007500965462025435,0.0023049413444275325,2.532213132003489e-06,0.00040326653507098556,0.012844943196956109,3.5417273530777026e-12
28,held_out,12,0.9864420017526587,0.8414552545929193,15.311159586946825,0.3946249498259936,0.6053750501740064,3.93930467208125e-05,0.0009580268754185927,0.000233375289645608,0.0005318944605221883,0.0013475783322649325,1.3121940164586002e-06,0.00022754090740446782,0.007781318083622194,3.5793084330711493e-12
29,held_out,12,1.9957458589963668,2.6995392380417638,0.40921642772708955,0.5248411275833301,0.4751588724166699,9.009143269475584e-06,0.0003096985823003511,0.00013552274717053644,0.00022331259025184957,0.0009263850342392709,6.946179976822647e-07,0.00013213467849127305,0.006332436801790801,2.6652936453789223e-12
30,held_out,12,2.431817127725501,2.5445770673612675,3.703862584501511,0.1180344386935892,0.8819655613064108,7.17463203115974e-06,0.00027904109213585445,6.82735083680845e-05,0.00015052815080327254,0.0004960701749847575,3.016248717070098e-07,6.65666706588824e-05,0.003604408567708005,3.3539797817430387e-12
31,held_out,12,1.1782169802684226,2.507851177143895,1.4593083534727833,0.10454175423771905,0.895458245762281,2.6855133323919246e-05,0.0007343011505567792,0.00026425104363861346,0.0004767261267367636,0.001625104083558192,1.1280317486651521e-06,0.0002576447675476481,0.009994145135749248,3.3886991983879306e-12
32,held_out,12,0.954566455956152,1.0812095003354196,15.129925071586642,0.34000354280613354,0.6599964571938665,1.9952594711990464e-05,0.0005141167340624242,0.00011979128236954998,0.00027943989988545167,0.0007108368895498396,3.258943075305802e-07,0.00011679650031031124,0.004218078924859489,3.535728957832684e-12
33,held_out,12,2.4846153748941693,2.2276028670246975,7.97939174347892,0.02684767126974552,0.9731523287302545,1.5941029425285676e-05,0.0006188408696168439,0.00013447428492995215,0.00032655638898310986,0.0009924094687568698,2.3094912385218345e-07,0.00013111242780670335,0.007323902515572519,3.723941200089262e-12
34,held_out,12,0.8268463111248282,2.8311506624502183,13.383832475096956,0.7436835505731362,0.2563164494268638,1.2430336516966939e-05,0.00039893350757905287,0.00011533330049148201,0.0002485740843736513,0.0008111815077130935,4.1856972676871753e-07,0.00011244996797919498,0.005705337796209912,3.337491709283364e-12
35,held_out,12,0.8182345235551602,0.541875028197548,9.883941140197017,0.5199507647442473,0.4800492352557527,6.648353717232877e-05,0.001112016553051782,0.0004268463173479063,0.0007780364790387049,0.0020604250392067354,3.07177639432854e-06,0.0004161751594142087,0.009945854443743159,3.444730522684454e-12
36,shifted,12,0.0953027475953062,5.425587723670859,38.07484376239985,0.4893772790169403,0.5106227209830597,0.0004713224210668464,0.02915375346577671,0.0019926369399762248,0.007066335970308302,0.01916828130041564,5.473942671440558e-05,0.0019428210164768194,0.1843903425860647,3.509572630820689e-12
37,shifted,12,0.08503979370077389,5.593905061134553,28.33880972159264,0.8176616608563819,0.18233833914361808,0.000821733448550012,0.03599574216975144,0.0034350776342992042,0.011356717149318334,0.03155020040530425,7.670376029205388e-05,0.0033492006934417247,0.2897795192969304,3.9731212274136515e-12
38,shifted,12,0.04580437632288517,7.098307986567642,39.98342361748672,0.0065138628761264306,0.9934861371238736,0.0005291569096897862,0.031499292683639914,0.0012807961340429647,0.007369530739371019,0.013460963184364197,5.450071891266602e-05,0.0012487762306918906,0.1414725771218872,4.491167953729207e-12
39,shifted,12,0.09483160598305787,4.3161209426137965,26.378577828496415,0.4993721651661398,0.5006278348338602,0.0005512661559417281,0.02587941775548987,0.002441691574094955,0.007408604131758723,0.020412681844174167,6.697955522594364e-05,0.0023806492847425814,0.17065119300578524,3.384000056098399e-12
40,shifted,12,0.14678603510321758,7.087313982926544,33.46734770151099,0.30955381406462745,0.6904461859353725,0.00033086882624771364,0.02366642206436678,0.0013161490272897353,0.005398313951251568,0.01347548674651683,4.3726220907984865e-05,0.0012832453016074922,0.1379697430081191,3.3368456955195792e-12
41,shifted,12,0.07182627904416611,7.468253738145731,22.191504881687532,0.3552500660977137,0.6447499339022863,0.0005394106875736903,0.035619363363725995,0.0020496709302345486,0.007994911185529778,0.020142213938441608,6.950442016551035e-05,0.001998429156978685,0.1979384965446747,3.0454180067736886e-12
42,shifted,12,0.1105996101296382,6.63244446439853,31.59734740430357,0.4627699126194027,0.5372300873805973,0.00044614692652196497,0.029740043966167518,0.0018966968834452408,0.0069394889130089035,0.018787289764518655,5.6135539412643876e-05,0.0018492794613591099,0.18609312841535955,3.2005324215656544e-12
43,shifted,12,0.09872294949581184,7.543882939530043,35.11559218034999,0.14430218734557754,0.8556978126544225,0.00039429867787557247,0.026872736232639187,0.0012395262602392216,0.006120210943360482,0.013030146426422477,4.795257964549628e-05,0.001208538103733241,0.13697548921734257,3.7841873393481125e-12
44,shifted,12,0.13452795082453975,6.903026688172963,27.19408271750623,0.825954177276535,0.17404582272346503,0.0006038695897756086,0.030495245223301704,0.0027890782593207528,0.00945358570034401,0.02741484690523269,6.3273058058465e-05,0.002719351302837734,0.26947032709666,3.766874969636054e-12
45,shifted,12,0.12300386428644713,4.684552758551927,25.42065345510763,0.98030550164684,0.01969449835315995,0.0007720897262821221,0.02541097771428238,0.003559289561035635,0.010640963517965913,0.030378270521566993,6.855679273678144e-05,0.0034703073220097437,0.2592762696196571,4.683506769973672e-12
46,shifted,12,0.11121920057181447,7.1885020601006655,28.173426725265024,0.14187319184818403,0.858126808151816,0.00041157900223884623,0.025528978444947587,0.0013087284054185354,0.006228475339221236,0.013099172449355058,4.8644989252701725e-05,0.0012760101952830722,0.13111071643857847,3.683080698960466e-12
47,shifted,12,0.04817976414896978,6.691388071256744,29.695577182533764,0.9182274230351365,0.08177257696486351,0.0011121735960582999,0.04931532885083474,0.004139055172280216,0.015061433216743036,0.04059192744718894,8.991012874536379e-05,0.004035578792973211,0.3980871250310311,4.2810321758906256e-12
0,held_out,20,1.5138582652023054,0.6358884421298465,5.754815063270506,0.4240048817552994,0.5759951182447006,1.0873110445829636e-06,2.1697023059247944e-05,1.863810036189401e-05,2.2026919433721275e-05,9.677654878558472e-05,5.714472712594975e-08,1.817214785284666e-05,0.0005025029489591672,5.363768223283431e-12
1,held_out,20,2.0323011531239707,1.2781543573855934,0.8143296465726717,0.5782856298779917,0.4217143701220083,6.697786055157935e-07,1.6277392683994767e-05,1.4183472210113748e-05,1.7038102398124145e-05,8.205653423457558e-05,8.689398142975646e-09,1.3828885404860906e-05,0.00047472683069726783,5.002230291009559e-12
2,held_out,20,0.8278754639948969,0.5059031621615959,11.380251959399873,0.7837055184477977,0.21629448155220232,2.210819117367034e-06,3.461159023791892e-05,2.2573104120406337e-05,3.377151028774207e-05,0.00011181630809379821,8.431657138995702e-08,2.2008776517396177e-05,0.0005538842460051587,7.55467767381949e-12
3,held_out,20,1.3524958924681116,2.9677945828503107,10.617696248511924,0.15567176709767316,0.8443282329023268,6.582310532064539e-07,2.5210108643013274e-05,8.484869799939736e-06,1.663946641018884e-05,6.190777550455851e-05,7.593606167097224e-09,8.272748054941245e-06,0.0004516949297147771,6.267399196712192e-12
4,held_out,20,0.6816264299066137,2.458121983546678,16.24299789279617,0.9970576752094996,0.0029423247905003835,7.641660142249383e-07,1.9205775208897417e-05,7.711949102969552e-06,1.5686791798297178e-05,5.2991330837898914e-05,8.498513707515583e-08,7.519150375395315e-06,0.0003641208086928868,8.247499870154758e-12
5,held_out,20,0.6599441951335548,1.0439701839910194,13.932152061117463,0.6923895572107965,0.30761044278920346,1.3326282816225893e-06,2.7272037244209323e-05,1.523513752262907e-05,2.4175865823711133e-05,8.446983210183189e-05,6.933578471276269e-09,1.4854259084563345e-05,0.00046833528904571267,7.056820041230419e-12
6,held_out,20,1.988773009963785,0.6524291205720452,7.32274600516064,0.7600579875077066,0.2399420124922934,3.5340549263152766e-06,7.879177006922343e-05,4.698142128817912e-05,7.082313631745262e-05,0.0002714248454403901,1.931746189480574e-08,4.580688575597465e-05,0.0015680974458062203,5.997220832799976e-12
7,held_out,20,0.8853980793849774,2.443914145050887,17.073749129187373,0.5492712270443141,0.4507287729556859,9.507183661764077e-07,3.382910087664721e-05,1.0914178257157605e-05,2.177190691132797e-05,7.710992940015702e-05,2.8319238116904407e-08,1.0641323800728665e-05,0.0005447905533518115,5.9511042654954666e-12
8,held_out,20,1.9297509520635963,1.6200266896472322,17.715275559308633,0.2548470716558192,0.7451529283441808,6.984998437366915e-07,2.702959870565973e-05,9.147085919063594e-06,1.751211717694423e-05,6.642332075995564e-05,1.4698789824433538e-08,8.918408771087005e-06,0.00048234569783418255,6.316013825552266e-12
9,held_out,20,1.793898913403817,1.5456734602913198,2.5585011652980807,0.7926717158218631,0.20732828417813687,1.2002560624324396e-06,2.864701010111537e-05,2.2990797348780353e-05,3.0496915555391484e-05,0.0001369869958417818,1.635607765753593e-08,2.2416027415060846e-05,0.0008162151466552698,5.755873553102653e-12
10,held_out,20,1.5859909694180225,2.877257023016747,1.4389161210522852,0.18728774757816136,0.8127122524218386,5.785800850913986e-07,1.9521796607333573e-05,9.929073998752925e-06,1.5168793443687444e-05,6.695080357174106e-05,1.7347398557275924e-08,9.680847148784104e-06,0.0004514429139580225,5.814699291691037e-12
11,held_out,20,2.4590386836469365,1.5331185997737522,16.282066453596617,0.5352199010640784,0.46478009893592165,6.396624685871768e-07,2.5756190634051603e-05,9.88386585503844e-06,1.7865684591571182e-05,7.374107826158354e-05,1.2582225830648935e-08,9.63676920866248e-06,0.000550163944243438,5.665953695492146e-12
12,held_out,20,1.4065105254511794,0.7338267874891586,16.759036541630323,0.4998321078401964,0.5001678921598036,6.133712495960661e-07,1.6698060651094236e-05,7.440518924420675e-06,1.1955820077650183e-05,4.578940478131589e-05,3.388623195059997e-08,7.254505951310159e-06,0.0002817907744775265,6.496525643708973e-12
13,held_out,20,2.009496227448692,1.2658379418828822,11.367596780943451,0.5557683306690104,0.44423166933098956,8.202669554768881e-07,2.5838941366205404e-05,1.315991433600565e-05,2.0747233856248148e-05,8.697223574332644e-05,1.8493839982826604e-08,1.283091647760551e-05,0.0005747886800066098,5.542002918999609e-12
14,held_out,20,0.583732361683323,2.7638879993420185,10.97442194526106,0.11537225765766501,0.884627742342335,7.126970535412711e-07,2.1243417180862893e-05,8.590147078531668e-06,1.5207050986990622e-05,5.6978731327410417e-05,8.095123593368184e-08,8.375393401568378e-06,0.00037794182032051607,6.706796842898349e-12
15,held_out,20,1.0360544876112796,0.8339786235270639,9.547558661946649,0.3353821675103996,0.6646178324896004,1.350747439826051e-06,2.7929907554889035e-05,1.8516308500752203e-05,2.5363727888994424e-05,9.796957695265348e-05,2.2827690039610515e-08,1.80534007882334e-05,0.0005183559135392448,6.07482699461541e-12
16,held_out,20,2.2187323428507395,2.11105443253349,12.467359709711952,0.17348328761617138,0.8265167123838286,6.306512343158306e-07,2.5490125401544724e-05,8.687548648025493e-06,1.6485754613158177e-05,6.453315581272645e-05,1.9593319803597417e-08,8.470359931824856e-06,0.0004793674680712313,6.2401803541014684e-12
17,held_out,20,0.6785171558477375,0.565481395715121,15.235103334595802,0.892769457309245,0.10723054269075505,3.783766800550068e-06,6.0295309186036546e-05,3.2616224206052264e-05,5.666543557905841e-05,0.00017106134352938627,1.280429180531462e-07,3.180081860090096e-05,0.0008971603538538606,9.085170562334541e-12
18,held_out,20,2.4498081245502195,1.9184417757510792,11.836454912378706,0.7977329050965416,0.2022670949034584,9.768473613328408e-07,3.545900352084098e-05,1.616345845816278e-05,2.8643483516830615e-05,0.00011979205253010027,9.449334452219019e-09,1.575937199670871e-05,0.0008878134519612835,6.1508283478698e-12
19,held_out,20,0.7926804168117321,2.2094347847551,10.263987262951881,0.4564446084205026,0.5435553915794974,9.008100530266674e-07,2.6388503646340543e-05,1.1191347333114522e-05,1.9235513435256375e-05,7.067267070768266e-05,6.247746481369449e-09,1.091156364978666e-05,0.0004462935727298667,5.502366017882959e-12
20,held_out,20,0.6907337138916887,0.9489534125302835,17.882517189927842,0.9811684817757126,0.018831518224287414,1.40768588084368e-06,2.601996288328471e-05,1.3724930601209068e-05,2.427568826328782e-05,8.00967752239458e-05,4.3197972135347466e-08,1.3381807336178842e-05,0.0004674335767286239,9.540658963223372e-12
21,held_out,20,1.148232213418964,1.2002110185321995,10.545268128487901,0.2862865574795531,0.7137134425204469,7.471080071243323e-07,1.859336119537316e-05,9.980496068013374e-06,1.5092245757527405e-05,5.794841525510254e-05,3.0599215285336165e-08,9.730983666313041e-06,0.0003364581086645544,6.089786905528486e-12
22,held_out,20,1.1630594251507897,1.5850989796701538,8.050030940525309,0.6833613633655716,0.31663863663442837,5.417808299945125e-07,1.3143331599080462e-05,7.50472667065897e-06,1.1311647997819242e-05,4.449950294383384e-05,4.846729984064421e-08,7.317108503892496e-06,0.00026386114366966004,5.719502244540626e-12
23,held_out,20,1.761105831116366,1.2643603882875027,1.3142324750203633,0.5031562344659594,0.49684376553404064,8.881753937439554e-07,2.043468997510375e-05,1.8565972125018087e-05,2.1739388411623038e-05,0.00010363578353607994,1.5820060344239604e-08,1.8101822821892637e-05,0.0005784978861766311,4.949470050546969e-12
24,held_out,20,2.3655447049609433,0.9948070064621277,4.339799478591771,0.10467183571036098,0.895328164289639,5.654294992921031e-07,1.545421967260458e-05,8.366102845179548e-06,1.2431962210146057e-05,5.122357606689307e-05,4.0984388624614585e-08,8.15695027405006e-06,0.00031362927203227193,6.363457404405534e-12
25,held_out,20,1.6636397879077331,1.513378170677623,8.141631939536365,0.49442904074396155,0.5055709592560385,9.145063687310749e-07,2.6522781471374836e-05,1.5148575653070032e-05,2.249880341245658e-05,9.518493619734328e-05,1.9155304604297812e-08,1.4769861261743281e-05,0.0005980873902858427,5.289186622079003e-12
26,held_out,20,0.48760720731958074,0.6365441870655957,2.078282417672071,0.5334951841226455,0.4665048158773545,1.1711267658801313e-06,1.125231818256704e-05,1.7391317567869404e-05,1.5377348041303695e-05,6.310798474882723e-05,8.86727114891688e-08,1.695653462867267e-05,0.00022900034592066373,5.156927514090777e-12
27,held_out,20,1.7516040568025373,0.9017518314808288,4.8818215734624655,0.08332091308344847,0.9166790869165515,6.65752612895608e-07,1.4954721816534923e-05,1.0619639916234132e-05,1.3788732504283526e-05,5.91809730108487e-05,3.395666146007956e-08,1.0354148918328279e-05,0.00032980285528859973,6.568987428742131e-12
28,held_out,20,0.9864420017526587,0.8414552545929193,15.311159586946825,0.3946249498259936,0.6053750501740064,1.1914825869741096e-06,2.8976492932987446e-05,1.3384326689544873e-05,2.2384834645266693e-05,7.72850830358909e-05,2.8623257169741403e-08,1.3049718522306252e-05,0.0004462670553708414,6.6387104839348095e-12
29,held_out,20,1.9957458589963668,2.6995392380417638,0.40921642772708955,0.5248411275833301,0.4751588724166699,1.1615841007266246e-07,3.9930650280201845e-06,2.472117173503549e-06,3.537725596521815e-06,1.6898508923655178e-05,3.4862588374280003e-09,2.4103142441659605e-06,0.00011551216378556652,4.943433163299477e-12
30,held_out,20,2.431817127725501,2.5445770673612675,3.703862584501511,0.1180344386935892,0.8819655613064108,4.06135376790982e-07,1.5795717271989965e-05,6.431137720988723e-06,1.105936725982246e-05,4.6728162809534237e-05,3.262616500612602e-09,6.270359277964006e-06,0.0003395233152025617,6.220767822076098e-12
31,held_out,20,1.1782169802684226,2.507851177143895,1.4593083534727833,0.10454175423771905,0.895458245762281,9.312656610073847e-07,2.5463639971679864e-05,1.4923712405130182e-05,2.1469662288014402e-05,9.177858159982389e-05,2.3097089075689283e-08,1.455061959500193e-05,0.0005644244415739297,6.285164278542029e-12
32,held_out,20,0.954566455956152,1.0812095003354196,15.129925071586642,0.34000354280613354,0.6599964571938665,4.267854830730053e-07,1.099694359906429e-05,4.838347334390695e-06,8.26809507805451e-06,2.871056809568203e-05,3.78955442284582e-09,4.717388651030927e-06,0.0001703674133764108,6.5578727033471736e-12
33,held_out,20,2.4846153748941693,2.2276028670246975,7.97939174347892,0.02684767126974552,0.9731523287302545,7.324135785404625e-07,2.84327595019819e-05,1.0336222768518907e-05,1.9254652060413774e-05,7.628049743489466e-05,1.348515932619835e-08,1.0077817199305934e-05,0.0005629439708514277,6.906949205364484e-12
34,held_out,20,0.8268463111248282,2.8311506624502183,13.383832475096956,0.7436835505731362,0.2563164494268638,5.583422164363196e-07,1.791917849757085e-05,6.465741269457272e-06,1.2491479085643052e-05,4.547593564989917e-05,3.479960615371311e-08,6.30409773772084e-06,0.000319848975863422,6.190186371977963e-12
35,held_out,20,0.8182345235551602,0.541875028197548,9.883941140197017,0.5199507647442473,0.4800492352557527,1.8530971584213675e-06,3.099526292105075e-05,2.2506153659783242e-05,2.9966565165293102e-05,0.00010863920022778463,3.35064957481173e-08,2.1943499818288665e-05,0.000524411056840103,6.389097954255593e-12
36,shifted,20,0.0953027475953062,5.425587723670859,38.07484376239985,0.4893772790169403,0.5106227209830597,0.00011951575852318148,0.007392673896932989,0.00031613004571239207,0.001645132679407094,0.0030410304667947623,1.3133953278181346e-05,0.0003082267945695823,0.02925336084121364,6.512751185113235e-12
37,shifted,20,0.08503979370077389,5.593905061134553,28.33880972159264,0.8176616608563819,0.18233833914361808,0.00020623853922827667,0.009034206039229274,0.0008034142567936933,0.0030341801242092896,0.007379128948126629,1.9753507093949583e-05,0.000783328900373851,0.06777517771515333,7.373007412176593e-12
38,shifted,20,0.04580437632288517,7.098307986567642,39.98342361748672,0.0065138628761264306,0.9934861371238736,0.00010601096291136608,0.006310548510794718,0.0004088741555687113,0.001734657667808875,0.004297202192338749,9.716527223191035e-06,0.00039865230167949355,0.04516290998181652,8.33471969482289e-12
39,shifted,20,0.09483160598305787,4.3161209426137965,26.378577828496415,0.4993721651661398,0.5006278348338602,0.0001234795039601619,0.0057967963982238115,0.0003854720518285066,0.0015985536475465315,0.0032225685001648456,1.3190920416316117e-05,0.00037583525053279393,0.026940857810555056,6.278598447572949e-12
40,shifted,20,0.14678603510321758,7.087313982926544,33.46734770151099,0.30955381406462745,0.6904461859353725,6.421372740749702e-05,0.00459308660893381,0.0001951291074949128,0.0010348321883445002,0.0019978434412720263,6.422840888755086e-06,0.00019025087980753996,0.020455064173025603,6.190774165178383e-12
41,shifted,20,0.07182627904416611,7.468253738145731,22.191504881687532,0.3552500660977137,0.6447499339022863,0.00013305577661286942,0.008786184931067193,0.0003849618303815685,0.001915447466920987,0.0037830382581424014,1.281502960281964e-05,0.0003753377846220293,0.037176097298747435,5.650854787910627e-12
42,shifted,20,0.1105996101296382,6.63244446439853,31.59734740430357,0.4627699126194027,0.5372300873805973,0.00010487367802146337,0.006990853483103537,0.0003293087911405323,0.0015906373467222648,0.003261891625994836,1.0691252468726414e-05,0.000321076071362019,0.03230990871177396,5.938618493060859e-12
43,shifted,20,0.09872294949581184,7.543882939530043,35.11559218034999,0.14430218734557754,0.8556978126544225,7.520340842342121e-05,0.005125356669331185,0.00024974533558627687,0.0012237797262153183,0.0026253726091911614,7.186820165899912e-06,0.00024350170219661997,0.02759843870921906,7.021526231676018e-12
44,shifted,20,0.13452795082453975,6.903026688172963,27.19408271750623,0.825954177276535,0.17404582272346503,0.0001368982738414484,0.006913324502717496,0.0006531275685012319,0.0024099720960429963,0.006419824269975414,1.2611539249123758e-05,0.0006367993792887011,0.0631027469135038,6.988574215765625e-12
45,shifted,20,0.12300386428644713,4.684552758551927,25.42065345510763,0.98030550164684,0.01969449835315995,0.000156706746358857,0.005157524448068572,0.0007551241998823944,0.002446158673918503,0.006444928637594356,1.5004564243168868e-05,0.0007362460948853347,0.05500698448037153,8.688247363085927e-12
46,shifted,20,0.11121920057181447,7.1885020601006655,28.173426725265024,0.14187319184818403,0.858126808151816,7.151646922822158e-05,0.004435946419653637,0.000268606513347312,0.0011772754659387513,0.002688505135816316,6.157236481484689e-06,0.0002618913505136292,0.026909473546401778,6.8333344080322045e-12
47,shifted,20,0.04817976414896978,6.691388071256744,29.695577182533764,0.9182274230351365,0.08177257696486351,0.00032910099780181234,0.014592797373768491,0.0011791267258854763,0.004738630035950767,0.011563756585978732,2.966596076635617e-05,0.0011496485577383395,0.1134063569624782,7.948032457918412e-12
