x,y,full,reduced
0.025,0.025,5.716778180263422e-05,-2.30798198124457e-05
0.05,0.025,0.00014121441273404108,-9.773714369149585e-07
0.07500000000000001,0.025,0.0002894847006907577,0.00011538215788404018
0.1,0.025,0.0005457596800734477,0.0003777427715574936
0.125,0.025,0.0009575595149681807,0.0008325593221860752
0.15000000000000002,0.025,0.0015638110930421645,0.001506189810617844
0.17500000000000002,0.025,0.002374034260258217,0.002386735682409824
0.2,0.025,0.0033460096806963166,0.0034097667402484878
0.225,0.025,0.004373919596381551,0.004456695037611357
0.25,0.025,0.005299035970816226,0.005371868372177679
0.275,0.025,0.005946858280600289,0.005997374270002544
0.30000000000000004,0.025,0.006180460610264972,0.006215779032737478
0.325,0.025,0.005947972150699386,0.005985294209527388
0.35000000000000003,0.025,0.005301600701330917,0.005353124203823343
0.375,0.025,0.004378649409863326,0.004441249142346212
0.4,0.025,0.0033540669435092626,0.0034104670508119245
0.42500000000000004,0.025,0.00238711164537119,0.0024170262737436142
0.45,0.025,0.001584197075683769,0.0015774538210358026
0.47500000000000003,0.025,0.0009881579407041193,0.0009514735545019461
0.5,0.025,0.0005900543322080434,0.0005441662740319749
0.525,0.025,0.00035151703141168866,0.00032145939996280014
0.55,0.025,0.000225871447996162,0.00023031202506820303
0.5750000000000001,0.025,0.00017166542539484128,0.00021635766477237054
0.6000000000000001,0.025,0.0001580024677623844,0.00023523712735980772
0.625,0.025,0.00016435039602935748,0.0002572226237390299
0.65,0.025,0.00017801062328927684,0.000266787003992361
0.675,0.025,0.00019142380176276493,0.0002593824877228793
0.7000000000000001,0.025,0.00020023135260126743,0.00023735709551435911
0.7250000000000001,0.025,0.00020216502035365255,0.00020624515197114105
0.75,0.025,0.0001964836495674699,0.00017201621378435978
0.775,0.025,0.0001836470897348373,0.000139411819221414
0.8,0.025,0.00016502352354650653,0.00011124369523272904
0.8250000000000001,0.025,0.00014255063229396585,8.841351943670304e-05
0.8500000000000001,0.025,0.0001183604979009965,7.038507108943096e-05
0.875,0.025,9.441825653416224e-05,5.585496129784936e-05
0.9,0.025,7.221684715837222e-05,4.340540620872301e-05
0.925,0.025,5.252180554963417e-05,3.1971069741751134e-05
0.9500000000000001,0.025,3.509243193748868e-05,2.1013158768438565e-05
0.9750000000000001,0.025,1.836527707939436e-05,1.0383500396594642e-05
0.025,0.05,0.0001142999951379646,-4.2014269660315285e-05
0.05,0.05,0.00028235659671000323,5.55948619225294e-06
0.07500000000000001,0.05,0.0005789912992817633,0.00024034738804012902
0.1,0.05,0.0010919062568927069,0.0007656218143796329
0.125,0.05,0.0019163614097531707,0.0016745193575345013
0.15000000000000002,0.05,0.0031304673960284835,0.003020442991934528
0.17500000000000002,0.05,0.00475345061085232,0.004780536192606059
0.2,0.05,0.006700841203140099,0.006826725738795463
0.225,0.05,0.008760635148710637,0.008922040080250096
0.25,0.05,0.01061467196715091,0.010754606372769784
0.275,0.05,0.011913086262995672,0.012007483399868133
0.30000000000000004,0.05,0.01238130759350231,0.012444710199968224
0.325,0.05,0.01191531466591244,0.011982239098358534
0.35000000000000003,0.05,0.010619803398418382,0.010714891505974143
0.375,0.05,0.008770099523547601,0.008887681575311515
0.4,0.05,0.006716965886159733,0.006823317647594699
0.42500000000000004,0.05,0.0047796251704974365,0.004834910681251244
0.45,0.05,0.0031712749881718455,0.0031554144464663943
0.47500000000000003,0.05,0.0019776180334306797,0.0019036509018820705
0.5,0.05,0.001180589300060886,0.0010890450428370606
0.525,0.05,0.0007031928009131787,0.0006429798108598143
0.55,0.05,0.0004518534814840502,0.0004593267807935994
0.5750000000000001,0.05,0.00034351442245268753,0.00042966163774114724
0.6000000000000001,0.05,0.00031629881112929444,0.0004657303474376591
0.625,0.05,0.00032910384046948174,0.000508494033182347
0.65,0.05,0.0003565166526207148,0.0005271414636544187
0.675,0.05,0.0003834116032054212,0.0005126159984082156
0.7000000000000001,0.05,0.00040106746515521335,0.0004694879467761013
0.7250000000000001,0.05,0.00040494550043993654,0.00040860586327795415
0.75,0.05,0.0003935636931774204,0.0003416635574647591
0.775,0.05,0.00036784512546725226,0.0002779244381978009
0.8,0.05,0.00033053239654887254,0.0002228461371243599
0.8250000000000001,0.05,0.00028550894309937276,0.00017812889620387072
0.8500000000000001,0.05,0.00023704744312276742,0.00014265570300980347
0.875,0.05,0.0001890858162806744,0.00011382315069731648
0.9,0.05,0.00014461591806024806,8.883537579209774e-05
0.925,0.05,0.00010517295047327616,6.562808678487605e-05
0.9500000000000001,0.05,7.027712514176547e-05,4.32077830849711e-05
0.9750000000000001,0.05,3.6793276847011426e-05,2.136525486451851e-05
0.025,0.07500000000000001,0.00017136007973453618,-5.307801882212758e-05
0.05,0.07500000000000001,0.00042335094652212464,2.6380233332670136e-05
0.07500000000000001,0.07500000000000001,0.0008685347212451882,0.00038358485478144936
0.1,0.07500000000000001,0.0016388135654772944,0.0011729311430028317
0.125,0.07500000000000001,0.0028776258426846937,0.002534664264100106
0.15000000000000002,0.07500000000000001,0.00470277968923,0.004550536689042045
0.17500000000000002,0.07500000000000001,0.007143582285999821,0.007188527413658795
0.2,0.07500000000000001,0.010073252485451722,0.010258420682465902
0.225,0.07500000000000001,0.013172864888957223,0.013405235985515063
0.25,0.07500000000000001,0.015963419436162897,0.016159755821281898
0.275,0.07500000000000001,0.01791795824287589,0.01804382187929563
0.30000000000000004,0.07500000000000001,0.01862282960035003,0.018700804222203667
0.325,0.07500000000000001,0.017921302500906303,0.0180034724270749
0.35000000000000003,0.07500000000000001,0.015971121502732867,0.01609506873199358
0.375,0.07500000000000001,0.013187073313549805,0.013345699097169606
0.4,0.07500000000000001,0.010097464898420574,0.010242155663666316
0.42500000000000004,0.07500000000000001,0.00718289360441224,0.007255617749915258
0.45,0.07500000000000001,0.004764080175731342,0.004735286451540372
0.47500000000000003,0.07500000000000001,0.0029696602914916995,0.0028578891449774456
0.5,0.07500000000000001,0.0017720726532962,0.0016357947648014898
0.525,0.07500000000000001,0.001055179406636728,0.0009649564657784144
0.55,0.07500000000000001,0.0006780538496098279,0.0006860892796253983
0.5750000000000001,0.07500000000000001,0.0005157298546671052,0.000637314386883768
0.6000000000000001,0.07500000000000001,0.000475183335828505,0.0006873699556794628
0.625,0.07500000000000001,0.0004946644354805485,0.0007486875717439175
0.65,0.07500000000000001,0.0005360149207156471,0.0007756122550647915
0.675,0.07500000000000001,0.0005765290666128994,0.0007546265241868419
0.7000000000000001,0.07500000000000001,0.000603114891366985,0.0006922603036199609
0.7250000000000001,0.07500000000000001,0.0006089587220137257,0.0006042407958407785
0.75,0.07500000000000001,0.0005918382730993307,0.0005075104951019907
0.775,0.07500000000000001,0.0005531466374027802,0.0004154352004430671
0.8,0.07500000000000001,0.0004970133224545586,0.0003358069554318184
0.8250000000000001,0.07500000000000001,0.0004292836999271195,0.0002709357641252075
0.8500000000000001,0.07500000000000001,0.00035638810405241297,0.00021904768432375174
0.875,0.07500000000000001,0.0002842525585520769,0.0001762539126491671
0.9,0.07500000000000001,0.0002173798075819026,0.0001384627142052197
0.925,0.07500000000000001,0.00015808299610880385,0.00010274211091876946
0.9500000000000001,0.07500000000000001,0.00010564652674826955,6.780791944381543e-05
0.9750000000000001,0.07500000000000001,5.5347124561350916e-05,3.355941647097294e-05
0.025,0.1,0.00022830815351316738,-5.3371399027215974e-05
0.05,0.1,0.000564111765882064,6.678334581400802e-05
0.07500000000000001,0.1,0.0011581083556440044,0.0005519985910013938
0.1,0.1,0.0021868134694586665,0.001607248175205541
0.125,0.1,0.0038424981958239198,0.0034204649661653632
0.15000000000000002,0.1,0.006283436658603975,0.006103543309720514
0.17500000000000002,0.1,0.009549579135505453,0.009617776668797508
0.2,0.1,0.013471747161008534,0.013712876846077875
0.225,0.1,0.017623000470814255,0.017916331221947808
0.25,0.1,0.021361400241427884,0.021599921604307085
0.275,0.1,0.023980315860115373,0.02412109838436335
0.30000000000000004,0.1,0.02492486730897631,0.02499946264658573
0.325,0.1,0.0239847779482957,0.02406326122995646
0.35000000000000003,0.1,0.02137167882898114,0.021505310793998096
0.375,0.1,0.01764196715682293,0.017823773385404175
0.4,0.1,0.013504077751310458,0.013672661380741153
0.42500000000000004,0.1,0.009602086594665911,0.009682978155936287
0.45,0.1,0.006365337031793664,0.006319957435914652
0.47500000000000003,0.1,0.003965490097564162,0.0038165874369785182
0.5,0.1,0.00236493049220793,0.0021862555074795287
0.525,0.1,0.0014076080331856622,0.001288293038326018
0.55,0.1,0.0009045712375839584,0.0009102060877258841
0.5750000000000001,0.1,0.0006884917519797585,0.0008375260040937331
0.6000000000000001,0.1,0.0006349506183967954,0.0008972095688099258
0.625,0.1,0.0006614381100602017,0.0009742060364498458
0.65,0.1,0.0007170049315023228,0.0010085695872641444
0.675,0.1,0.0007713450211340143,0.0009823263753462206
0.7000000000000001,0.1,0.0008069836168723454,0.0009035493139774439
0.7250000000000001,0.1,0.0008148254562874508,0.0007922054922151018
0.75,0.1,0.0007919088786840242,0.0006698112006095379
0.775,0.1,0.0007401071853284178,0.0005532542399614903
0.8,0.1,0.0006649555889155329,0.0004522424312239626
0.8250000000000001,0.1,0.0005742857425073805,0.0003694537825255622
0.8500000000000001,0.1,0.000476711304582224,0.00030237372784636465
0.875,0.1,0.00038016944688076153,0.00024586809058084816
0.9,0.1,0.0002906918016866849,0.0001946784491769966
0.925,0.1,0.00021138191043484398,0.000145197614413297
0.9500000000000001,0.1,0.0001412934289008535,9.608602514095166e-05
0.9750000000000001,0.1,7.409073950889436e-05,4.75938786264128e-05
0.025,0.125,0.0002850955962018117,-4.1185104046714827e-05
0.05,0.125,0.0007045288657802728,0.000129927789739164
0.07500000000000001,0.125,0.001447651997078404,0.0007498498746204099
0.1,0.125,0.002736130419352147,0.002073522563796974
0.125,0.125,0.004811926575632122,0.004337239897995912
0.15000000000000002,0.125,0.007874794443708645,0.007685145994439711
0.17500000000000002,0.125,0.011976075442359048,0.01207478327637395
0.2,0.125,0.016904092451370846,0.017198228912568506
0.225,0.125,0.022122463149212585,0.0224659199757375
0.25,0.125,0.02682355531869071,0.027088484373581617
0.275,0.125,0.030117672565971695,0.030254949014732597
0.30000000000000004,0.125,0.03130588021324194,0.0313572223618623
0.325,0.125,0.03012325510055487,0.03017732771836922
0.35000000000000003,0.125,0.02683641824123348,0.02695909967851174
0.375,0.125,0.022146206999773117,0.02233248499374029
0.4,0.125,0.016944581771415418,0.01712267394631424
0.42500000000000004,0.125,0.012041858208416968,0.012122742318688939
0.45,0.125,0.007977437448379495,0.007913771903961768
0.47500000000000003,0.125,0.004966115731679878,0.004783077626012677
0.5,0.125,0.002959481919090263,0.0027428022128805785
0.525,0.125,0.0017605571090636807,0.0016142926797342617
0.55,0.125,0.0011314812569130504,0.001131848588582075
0.5750000000000001,0.125,0.0008619719610750292,0.0010294778068624076
0.6000000000000001,0.125,0.0007958940392565669,0.001093799474259135
0.625,0.125,0.0008298328064974189,0.001183457556574453
0.65,0.125,0.0008999897537691598,0.0012247714576410842
0.675,0.125,0.0009684326780055649,0.001195209760204841
0.7000000000000001,0.125,0.0010132884190588852,0.001103804642184695
0.7250000000000001,0.125,0.0010231713563042162,0.0009739461688208348
0.75,0.125,0.0009943816797717544,0.000830897892096256
0.775,0.125,0.0009292865572965341,0.0006943841112078235
0.8,0.125,0.0008348520780132635,0.0005755557790473168
0.8250000000000001,0.125,0.0007209287779397826,0.0004772080190494966
0.8500000000000001,0.125,0.0005983480044583275,0.0003960255755203967
0.875,0.125,0.0004770889161515207,0.00032571175865335
0.9,0.125,0.0003647361062279522,0.00026002175978187135
0.925,0.125,0.00026520018620304554,0.0001949198303741362
0.9500000000000001,0.125,0.00017731107988180656,0.00012930390090040944
0.9750000000000001,0.125,9.308920788685281e-05,6.407636647816012e-05
0.025,0.15000000000000002,0.0003416527534008096,-1.627579845147817e-05
0.05,0.15000000000000002,0.0008444360635653891,0.00021630467135905261
0.07500000000000001,0.15000000000000002,0.0017369808594936667,0.0009780182701617226
0.1,0.15000000000000002,0.0032867347034582395,0.0025731780921744475
0.125,0.15000000000000002,0.005786383607806381,0.005287146846975796
0.15000000000000002,0.15000000000000002,0.009478392780320002,0.009298547852051782
0.17500000000000002,0.15000000000000002,0.014426417531708847,0.014564296379698409
0.2,0.15000000000000002,0.020376187092445937,0.020721405721667648
0.225,0.15000000000000002,0.02668017996769496,0.027063645158521336
0.25,0.15000000000000002,0.032361760703889346,0.03263790424110771
0.275,0.15000000000000002,0.0363440739611178,0.03646008361496075
0.30000000000000004,0.15000000000000002,0.03778071424986768,0.03778984507104851
0.325,0.15000000000000002,0.03635078018087977,0.03636100800081086
0.35000000000000003,0.15000000000000002,0.032377217665376525,0.032470077063756105
0.375,0.15000000000000002,0.0267087245195779,0.02688307945540727
0.4,0.15000000000000002,0.020424885728423423,0.02060096329777401
0.42500000000000004,0.15000000000000002,0.014505574489556184,0.014581529606093107
0.45,0.15000000000000002,0.009601956896630593,0.009521623528623086
0.47500000000000003,0.15000000000000002,0.005972070103554209,0.005760851969918492
0.5,0.15000000000000002,0.003555792248170181,0.003307726402890251
0.525,0.15000000000000002,0.0021139813450601988,0.001944220506969005
0.55,0.15000000000000002,0.0013588050871796112,0.001351509679060085
0.5750000000000001,0.15000000000000002,0.0010363215774122558,0.0012132600751765775
0.6000000000000001,0.15000000000000002,0.0009583013496472538,0.0012772653647106901
0.625,0.15000000000000002,0.0010002572924356567,0.0013770182161176939
0.65,0.15000000000000002,0.001085476053811536,0.001425549599531041
0.675,0.15000000000000002,0.001168370113528682,0.0013955098243418687
0.7000000000000001,0.15000000000000002,0.0012226495129669815,0.0012961417406086887
0.7250000000000001,0.15000000000000002,0.0012346276414219245,0.0011533058231579813
0.75,0.15000000000000002,0.0011998681766309295,0.0009950983121137574
0.775,0.15000000000000002,0.0011212493335241575,0.0008433576908246591
0.8,0.15000000000000002,0.00100719971109251,0.000710213093519237
0.8250000000000001,0.15000000000000002,0.000869629693283241,0.0005983654992757835
0.8500000000000001,0.15000000000000002,0.0007216314850511846,0.000503695596090317
0.875,0.15000000000000002,0.0005752649506538303,0.00041888669822389714
0.9,0.15000000000000002,0.00043969784364623427,0.0003369404149798701
0.925,0.15000000000000002,0.00031966879098770166,0.0002536816996131597
0.9500000000000001,0.15000000000000002,0.00021379317628783233,0.00016857724853080178
0.9750000000000001,0.15000000000000002,0.00011240909721579229,8.352351978559646e-05
0.025,0.17500000000000002,0.00039786397808633516,2.00170624664799e-05
0.05,0.17500000000000002,0.0009835482602685117,0.00032347400914000107
0.07500000000000001,0.17500000000000002,0.002025643014567891,0.0012335288281433241
0.1,0.17500000000000002,0.0038380461458490016,0.0031033500431756848
0.125,0.17500000000000002,0.00676530173149452,0.006268044142890613
0.15000000000000002,0.17500000000000002,0.011093967906681495,0.010942864935224051
0.17500000000000002,0.17500000000000002,0.016901080881046356,0.017087143334281407
0.2,0.17500000000000002,0.023889732296305467,0.024285308844957304
0.225,0.17500000000000002,0.03129943899418181,0.03171468819913178
0.25,0.17500000000000002,0.03798093063637043,0.03825557257297282
0.275,0.17500000000000002,0.04266566589523567,0.04274566628520375
0.30000000000000004,0.17500000000000002,0.04435597572181252,0.0443074941015984
0.325,0.17500000000000002,0.04267349963036683,0.04262453490355164
0.35000000000000003,0.17500000000000002,0.03799899316419749,0.038047707513279565
0.375,0.17500000000000002,0.031332812309512355,0.03148369099750864
0.4,0.17500000000000002,0.023946700714487276,0.024114084867151768
0.42500000000000004,0.17500000000000002,0.016993730442217192,0.017064300023732527
0.45,0.17500000000000002,0.011238667148896236,0.011146986904725547
0.47500000000000003,0.17500000000000002,0.0069828457936702976,0.006752086928108242
0.5,0.17500000000000002,0.004153376377627429,0.0038821836231681117
0.525,0.17500000000000002,0.0024675687903354202,0.002278601455155238
0.55,0.17500000000000002,0.001586446154868245,0.0015695675192431077
0.5750000000000001,0.17500000000000002,0.0012116450130384634,0.001389607151523668
0.6000000000000001,0.17500000000000002,0.0011224446611969616,0.001449120044831588
0.625,0.17500000000000002,0.0011731172922647439,0.001557438628196529
0.65,0.17500000000000002,0.0012739723652757133,0.0016145525342260714
0.675,0.17500000000000002,0.0013717392059337042,0.001587847194443417
0.7000000000000001,0.17500000000000002,0.0014356916726371866,0.0014858901525895427
0.7250000000000001,0.17500000000000002,0.0014498302654069027,0.0013359857243617499
0.75,0.17500000000000002,0.0014089843849796376,0.0011681356581267352
0.775,0.17500000000000002,0.0013165640900740085,0.0010056070331482007
0.8,0.17500000000000002,0.001182498682842707,0.0008611119730543137
0.8250000000000001,0.17500000000000002,0.0010208078356885183,0.0007371317828164209
0.8500000000000001,0.17500000000000002,0.000846896691830854,0.0006288253334273625
0.875,0.17500000000000002,0.0006749525024136964,0.0005280702171538297
0.9,0.17500000000000002,0.0005157625551198828,0.00042739622816689556
0.925,0.17500000000000002,0.00037491876067660815,0.0003228041044532854
0.9500000000000001,0.17500000000000002,0.00025083360554584394,0.00021467454612932046
0.9750000000000001,0.17500000000000002,0.0001321186332827273,0.00010625887384139022
0.025,0.2,0.0004535229994637525,6.489013225231236e-05
0.05,0.2,0.0011213497753384991,0.0004462122203085241
0.07500000000000001,0.2,0.002312665709477542,0.0015095346311888242
0.1,0.2,0.0043884054719798594,0.003656447960747579
0.125,0.2,0.00774606315259339,0.007272347713494068
0.15000000000000002,0.2,0.012717682833877721,0.012610985445620244
0.17500000000000002,0.2,0.01939482619210936,0.019636823989790695
0.2,0.2,0.027438039716843495,0.02788394831550316
0.225,0.2,0.035972220949605,0.03641339215429068
0.25,0.2,0.04367198617915648,0.043936072152445375
0.275,0.2,0.049072692714092696,0.049106591842239505
0.30000000000000004,0.2,0.05102167720060986,0.05090559254606591
0.325,0.2,0.04908165833219184,0.04896411740977116
0.35000000000000003,0.2,0.043692667504412606,0.04368915262896194
0.375,0.2,0.03601045540838408,0.036132407148596966
0.4,0.2,0.02750334793974742,0.02766080994660965
0.42500000000000004,0.2,0.019501105826201133,0.01957013156421561
0.45,0.2,0.012883766120346252,0.012788892926487563
0.47500000000000003,0.2,0.007995884371213067,0.007755601626407151
0.5,0.2,0.004750669257328304,0.004464898134653311
0.525,0.2,0.0028204859497753462,0.002616436786874718
0.55,0.2,0.0018140769686490806,0.0017857970184128758
0.5750000000000001,0.2,0.0013879530086953918,0.0015595183492742668
0.6000000000000001,0.2,0.0012885613685486704,0.001611852270529077
0.625,0.2,0.0013488069517706073,0.0017287110988877183
0.65,0.2,0.0014659840328794822,0.0017970529096587133
0.675,0.2,0.0015791215177587811,0.0017783823089497202
0.7000000000000001,0.2,0.0016530402923178083,0.0016796252378620535
0.7250000000000001,0.2,0.0016694160276318226,0.0015285062923621646
0.75,0.2,0.0016223470651273975,0.001356071759187472
0.775,0.2,0.0015157998580087135,0.0011864371316428288
0.8,0.2,0.0013612492533537153,0.001032624854317295
0.8250000000000001,0.2,0.0011748822112896005,0.0008968921885428379
0.8500000000000001,0.2,0.0009744778781046163,0.0007738629752022481
0.875,0.2,0.0007764055816786601,0.0006548990413202168
0.9,0.2,0.0005931147084478354,0.0005323793256438725
0.925,0.2,0.0004310800781323304,0.0004027995706202231
0.9500000000000001,0.2,0.00028852569146177296,0.00026778500013841807
0.9750000000000001,0.2,0.00015228758399651345,0.00013229767989527617
0.025,0.225,0.0005082639960186301,0.00011448295680187943
0.05,0.225,0.0012569226099755553,0.0005771799052613599
0.07500000000000001,0.225,0.002596164525636345,0.001795922613781397
0.1,0.225,0.004934258514734796,0.00422025786645999
0.125,0.225,0.00872243872274324,0.008286108071923353
0.15000000000000002,0.225,0.01433938820860242,0.014287068565215251
0.17500000000000002,0.225,0.021892292198034912,0.022194919537399257
0.2,0.225,0.0309995283880488,0.03149539271892432
0.225,0.225,0.04067039872460962,0.04113364812228972
0.25,0.225,0.049400932141470524,0.049649261344924554
0.275,0.225,0.055527062303346794,0.055509925042093
0.30000000000000004,0.225,0.057738253468993354,0.057550586435351055
0.325,0.225,0.055537164612748845,0.05534811744858031
0.35000000000000003,0.225,0.04942424697859799,0.04936683765837567
0.375,0.225,0.040713530626049724,0.04080689804158298
0.4,0.225,0.03107325533499527,0.03122410470366008
0.42500000000000004,0.225,0.022012357404807423,0.022086481805959145
0.45,0.225,0.014527137840920726,0.014438156092130266
0.47500000000000003,0.225,0.009005013915272274,0.008764605526143611
0.5,0.225,0.005344208115537922,0.005050956870670604
0.525,0.225,0.003170984193489191,0.0029546080700999164
0.55,0.225,0.002040963783645577,0.001999024099439235
0.5750000000000001,0.225,0.0015650887622207545,0.0017238986186023705
0.6000000000000001,0.225,0.0014568227016891941,0.0017683903628036204
0.625,0.225,0.0015276930877301388,0.0018954849457757383
0.65,0.225,0.0016620023548923114,0.0019789170342668257
0.675,0.225,0.0017910885271570642,0.0019735913174248713
0.7000000000000001,0.225,0.001875311677830985,0.0018838278857713862
0.7250000000000001,0.225,0.0018940128915069243,0.0017368331566671282
0.75,0.225,0.0018405643433512856,0.0015639731762988902
0.775,0.225,0.0017195173751803176,0.0013897893774162066
0.8,0.225,0.0015439439077183238,0.0012274983950158885
0.8250000000000001,0.225,0.0013322647374023528,0.0010792681066337543
0.8500000000000001,0.225,0.0011047030288135178,0.0009394833153695595
0.875,0.225,0.0008798728317815355,0.0007993495400477209
0.9,0.225,0.0006719343236046679,0.000651439158151862
0.925,0.225,0.0004882792008937122,0.0004930413187492312
0.9500000000000001,0.225,0.00032696050479999645,0.0003273107222799104
0.9750000000000001,0.225,0.00017298656875097636,0.00016124657211616427
0.025,0.25,0.0005614729562878785,0.00016455561761544732
0.05,0.25,0.0013887262368228342,0.0007081009843259239
0.07500000000000001,0.25,0.002872841335481616,0.0020805879818814365
0.1,0.25,0.0054691066234076055,0.004778735009545007
0.125,0.25,0.009682576539535002,0.00928860562105347
0.15000000000000002,0.25,0.015939088693793676,0.015944151542531152
0.17500000000000002,0.25,0.024362304111880936,0.02472595742709942
0.2,0.25,0.03452931918368146,0.03507333445606712
0.225,0.25,0.045334354578355676,0.045816981651845626
0.25,0.25,0.055094722003911814,0.05532522656921374
0.275,0.25,0.061946249880062795,0.06187762371162826
0.30000000000000004,0.25,0.06441975290444457,0.06416177836116244
0.325,0.25,0.0619574939554546,0.061699499834848195
0.35000000000000003,0.25,0.055120686145810685,0.055012862152765914
0.375,0.25,0.0453824233879048,0.04545170281895217
0.4,0.25,0.03461155138221338,0.034761656073742424
0.42500000000000004,0.25,0.024496326332142472,0.024582804875751138
0.45,0.25,0.016148817124958532,0.01607357182923576
0.47500000000000003,0.25,0.009998434974443273,0.009764788343907102
0.5,0.25,0.005927578967586257,0.005631087922412001
0.525,0.25,0.0035158922111929226,0.0032877331463450968
0.55,0.25,0.002265739042424512,0.0022070977866663465
0.5750000000000001,0.25,0.0017426297637076584,0.0018833504162711987
0.6000000000000001,0.25,0.0016272889693537086,0.0019215690281841665
0.625,0.25,0.0017100895475516522,0.0020621838059037226
0.65,0.25,0.0018624843164866268,0.002165429696797583
0.675,0.25,0.002008182059936671,0.0021788987323136545
0.7000000000000001,0.25,0.002103093133101004,0.0021034371486024148
0.7250000000000001,0.25,0.002124220005025472,0.0019649519178063894
0.75,0.25,0.002064216352435164,0.0017945880502731777
0.775,0.25,0.0019282510682178927,0.0016170738858348119
0.8,0.25,0.0017310512701567782,0.0014458690619653155
0.8250000000000001,0.25,0.0014933464713814107,0.0012833220916782673
0.8500000000000001,0.25,0.0012378825558835536,0.001123972645062172
0.875,0.25,0.0009855886300733582,0.0009592827991922112
0.9,0.25,0.0007523902521523242,0.000782365811412365
0.925,0.25,0.0005466341898943257,0.0005915564854398218
0.9500000000000001,0.25,0.0003662235183430893,0.00039174834680759656
0.9750000000000001,0.25,0.00019428532473628074,0.0001922508428974629
0.025,0.275,0.0006122008518071024,0.00021131358290496678
0.05,0.275,0.0015143826133496158,0.0008312512715667132
0.07500000000000001,0.275,0.0031374926457417227,0.0023511979239040325
0.1,0.275,0.005982475906002881,0.0053134691484504485
0.125,0.275,0.010607021925241015,0.010252772061761737
0.15000000000000002,0.275,0.017483457504381676,0.017542672475637542
0.17500000000000002,0.275,0.026752250368152798,0.02717319832444825
0.2,0.275,0.037950919159074066,0.038539505877729
0.225,0.275,0.04986170767960352,0.050361371455656286
0.25,0.275,0.06062724989390657,0.06083984513133886
0.275,0.275,0.06818733969689124,0.06806979023670497
0.30000000000000004,0.275,0.07091717051785727,0.07059367742463768
0.325,0.275,0.06819973056908639,0.06787886586194455
0.35000000000000003,0.275,0.060655879483204105,0.0605041274006993
0.375,0.275,0.04991475465099878,0.04996639752665933
0.4,0.275,0.03804174834010308,0.038197428127825894
0.42500000000000004,0.275,0.026900413000269977,0.027005284685844295
0.45,0.275,0.017715501033997903,0.017659220503903103
0.47500000000000003,0.275,0.01095673577422408,0.010733406297697737
0.5,0.275,0.006490378766334335,0.0061917475370333866
0.525,0.275,0.0038501142768315256,0.003608608265668247
0.55,0.275,0.002486172787877606,0.0024072386251942452
0.5750000000000001,0.275,0.0019197838080852953,0.002038181099601794
0.6000000000000001,0.275,0.0017998554425552686,0.0020737177891145212
0.625,0.275,0.0018962194451248161,0.002232216598541805
0.65,0.275,0.002067818012604651,0.00236023645940835
0.675,0.275,0.002230878798342911,0.0023974831629671144
0.7000000000000001,0.275,0.0023369061644024783,0.00234064384541581
0.7250000000000001,0.275,0.002360570607797796,0.0022137486797500997
0.75,0.275,0.002293819268117652,0.0020473803621527224
0.775,0.275,0.002142475610634773,0.0018663924177067187
0.8,0.275,0.0019229862995043428,0.0016846822484365568
0.8250000000000001,0.275,0.001658472155939349,0.0015051596036511506
0.8500000000000001,0.275,0.0013742884659992652,0.0013229852884919782
0.875,0.275,0.0010937567495340667,0.0011303206779933704
0.9,0.275,0.0008346278943467093,0.000921149097168623
0.925,0.275,0.0006062458530886867,0.0006950350707389411
0.9500000000000001,0.275,0.00040638851693003034,0.0004587189674941461
0.9750000000000001,0.275,0.000216249215866091,0.0002240185182093439
0.025,0.30000000000000004,0.0006591196139596027,0.0002521498656131464
0.05,0.30000000000000004,0.0016305684152787129,0.0009408529498676469
0.07500000000000001,0.30000000000000004,0.0033827597769163155,0.0025970089245050945
0.1,0.30000000000000004,0.006459387128352343,0.005805569679467445
0.125,0.30000000000000004,0.011467688951848284,0.011146657079215815
0.15000000000000002,0.30000000000000004,0.018924011188911426,0.01903094289331885
0.17500000000000002,0.30000000000000004,0.028985118567760933,0.029457542392402603
0.2,0.30000000000000004,0.04115181568496208,0.04178058118450871
0.225,0.30000000000000004,0.054101318406361655,0.05461597923643214
0.25,0.30000000000000004,0.06581187963159167,0.06600754166486861
0.275,0.30000000000000004,0.0740385002709599,0.07387603155945224
0.30000000000000004,0.30000000000000004,0.07700953984875648,0.07662682503788022
0.325,0.30000000000000004,0.0740520423912134,0.07367571212459172
0.35000000000000003,0.30000000000000004,0.06584318989331002,0.06565488632496148
0.375,0.30000000000000004,0.05415938416127154,0.054200005571008104
0.4,0.30000000000000004,0.041251334510129085,0.04141812313058232
0.42500000000000004,0.30000000000000004,0.029147609804114898,0.029275172604913254
0.45,0.30000000000000004,0.019178718483238832,0.019144244933310572
0.47500000000000003,0.30000000000000004,0.011851855681011656,0.011639942997458595
0.5,0.30000000000000004,0.007017673280818519,0.006716126273781797
0.525,0.30000000000000004,0.0041663632799087205,0.003909138924060925
0.55,0.30000000000000004,0.002699041617270264,0.002596637418038809
0.5750000000000001,0.30000000000000004,0.002095315914127979,0.0021885740949960904
0.6000000000000001,0.30000000000000004,0.0019741984989804858,0.0022264348778224044
0.625,0.30000000000000004,0.0020861636381377703,0.002407460806473522
0.65,0.30000000000000004,0.0022782674913700337,0.0025646722324311737
0.675,0.30000000000000004,0.002459530608252523,0.002629581011661825
0.7000000000000001,0.30000000000000004,0.0025771436937100855,0.002594272388991424
0.7250000000000001,0.30000000000000004,0.0026034685020220427,0.002480538094839141
0.75,0.30000000000000004,0.002529763676420677,0.002318237861695143
0.775,0.30000000000000004,0.002362548633409595,0.00213243051951156
0.8,0.30000000000000004,0.0021200592748686197,0.0019377503648874209
0.8250000000000001,0.30000000000000004,0.0018278967031672621,0.001738119035204098
0.8500000000000001,0.30000000000000004,0.0015141188022327872,0.0015298222285003516
0.875,0.30000000000000004,0.0012045225240853912,0.00130616646833817
0.9,0.30000000000000004,0.000918748322657531,0.0010622972154453857
0.925,0.30000000000000004,0.0006671827351987758,0.000799109592677813
0.9500000000000001,0.30000000000000004,0.0004475072736607903,0.0005251795282749888
0.9750000000000001,0.30000000000000004,0.00023893300127438764,0.00025493709933441916
0.025,0.325,0.0007005712229931006,0.0002860321094969321
0.05,0.325,0.0017331394759184564,0.0010338780604489503
0.07500000000000001,0.325,0.003599404870111514,0.002810153509271076
0.1,0.325,0.006880918171956113,0.006237526486949326
0.125,0.325,0.012228915056705278,0.011935969171491933
0.15000000000000002,0.325,0.020198928786114824,0.02034849562105049
0.17500000000000002,0.325,0.0309623817622146,0.031481831125247925
0.2,0.325,0.04398768795524578,0.04465356878302018
0.225,0.325,0.057858939232677736,0.058387693276130484
0.25,0.325,0.07040841644526327,0.07058888936302721
0.275,0.325,0.07922689264757747,0.079023824091418
0.30000000000000004,0.325,0.0824121805122438,0.08197645585547292
0.325,0.325,0.07924158899926897,0.07881684847089462
0.35000000000000003,0.325,0.07044241957606126,0.07022444274650755
0.375,0.325,0.057922059705275725,0.057957668494484964
0.4,0.325,0.044095982809206194,0.04427870738721286
0.42500000000000004,0.325,0.031139382419115184,0.0312932010382557
0.45,0.325,0.020476641235544626,0.020466258491666507
0.47500000000000003,0.325,0.012648127080454843,0.012448633180243543
0.5,0.325,0.0074905405258482915,0.007185901253331446
0.525,0.325,0.004455409529241276,0.004181432752087873
0.55,0.325,0.0029002160532353004,0.0027730154742727888
0.5750000000000001,0.325,0.002267551200115914,0.002334762979921884
0.6000000000000001,0.325,0.0021497339079120984,0.0023805315969738904
0.625,0.325,0.0022797935924683418,0.0025881250684196538
0.65,0.325,0.00249388953035816,0.0027776639036784737
0.675,0.325,0.0026942707894045256,0.002872514351188623
0.7000000000000001,0.325,0.0028239703602767462,0.002859980688538195
0.7250000000000001,0.325,0.00285308690871226,0.0027594482021248094
0.75,0.325,0.002772216402152457,0.0026000284974587104
0.775,0.325,0.002588619488201472,0.0024071538394053547
0.8,0.325,0.0023223945907711566,0.002196545667198674
0.8250000000000001,0.325,0.0020017159727406283,0.0019736112134497493
0.8500000000000001,0.325,0.001657441129817227,0.0017362651660481256
0.875,0.325,0.0013179286572495151,0.001479383068065783
0.9,0.325,0.0010047751813365468,0.0011995145101161091
0.925,0.325,0.0007294573572544118,0.0008988977450037792
0.9500000000000001,0.325,0.0004895932108409446,0.0005878062599795314
0.9750000000000001,0.325,0.0002623706773797683,0.000283277160797713
0.025,0.35000000000000003,0.0007347445986641363,0.0003133410458384133
0.05,0.35000000000000003,0.001817573392857674,0.001109890367583916
0.07500000000000001,0.35000000000000003,0.003777308505732868,0.002985915504405842
0.1,0.35000000000000003,0.007226267983630341,0.006594585038256349
0.125,0.35000000000000003,0.012851381941603093,0.012587464601180097
0.15000000000000002,0.35000000000000003,0.021239890781019753,0.021432616333655872
0.17500000000000002,0.35000000000000003,0.032574950035178664,0.033141727165917886
0.2,0.35000000000000003,0.046298506729233746,0.04700204810234744
0.225,0.35000000000000003,0.06091894146850997,0.06146316194725793
0.25,0.35000000000000003,0.07415002155910265,0.07431796861345916
0.275,0.35000000000000003,0.08344927503201313,0.08320968034945234
0.30000000000000004,0.35000000000000003,0.08680864193795351,0.08632511121945285
0.325,0.35000000000000003,0.083465125726286,0.08299776934607851
0.35000000000000003,0.35000000000000003,0.0741867233812721,0.07394490910797132
0.375,0.35000000000000003,0.060987141452854984,0.06102325178854985
0.4,0.35000000000000003,0.04641564620376552,0.04661936079074714
0.42500000000000004,0.35000000000000003,0.03276661402535554,0.03295127150596122
0.45,0.35000000000000003,0.021540910848265815,0.021558724030957467
0.47500000000000003,0.35000000000000003,0.013306177515595248,0.013122672878398653
0.5,0.35000000000000003,0.007888106653353759,0.007583337821943916
0.525,0.35000000000000003,0.004707038207255276,0.0044186434740651
0.55,0.35000000000000003,0.003085048282196367,0.002934830378632865
0.5750000000000001,0.35000000000000003,0.002434483048829395,0.0024770193082574235
0.6000000000000001,0.35000000000000003,0.002325593392166708,0.0025360681481459216
0.625,0.35000000000000003,0.002476684955238391,0.0027729841323889375
0.65,0.35000000000000003,0.0027144144494825762,0.0029962316981910573
0.675,0.35000000000000003,0.002934876418869938,0.0031214669872614634
0.7000000000000001,0.35000000000000003,0.003077175203192685,0.003131280814502405
0.7250000000000001,0.35000000000000003,0.003109218784058659,0.0030426337673918405
0.75,0.35000000000000003,0.0030209751843657626,0.0028839448674973737
0.775,0.35000000000000003,0.0028204942041360976,0.0026812203318644246
0.8,0.35000000000000003,0.002529810597809169,0.0024516192910236153
0.8250000000000001,0.35000000000000003,0.0021797643869929067,0.0022024885742700792
0.8500000000000001,0.35000000000000003,0.0018041089916785028,0.001933844108523079
0.875,0.35000000000000003,0.001433849937610354,0.0016425131503612724
0.9,0.35000000000000003,0.0010926058264887854,0.0013266363521417216
0.925,0.35000000000000003,0.0007929911794088557,0.000989725195609121
0.9500000000000001,0.35000000000000003,0.0005325973130519211,0.0006434908700577312
0.9750000000000001,0.35000000000000003,0.00028656022333037415,0.00030745178130888503
0.025,0.375,0.0007599695131584509,0.00033517127958875785
0.05,0.375,0.0018797030820044687,0.0011699169504364865
0.07500000000000001,0.375,0.003907128050714311,0.0031219045552595996
0.1,0.375,0.0074761969484634224,0.00686539089860967
0.125,0.375,0.013298666645133472,0.0130727098775737
0.15000000000000002,0.375,0.0219835282553242,0.02222729160622053
0.17500000000000002,0.375,0.03372153445262394,0.03434206864678556
0.2,0.375,0.04793556602528483,0.04868179279150249
0.225,0.375,0.06308083107290319,0.06364451751984913
0.25,0.375,0.07678847890576564,0.07694739166986109
0.275,0.375,0.08642349717696178,0.08615082144425108
0.30000000000000004,0.375,0.08990445840066982,0.08937682117093299
0.325,0.375,0.08644049734795067,0.08593463459047068
0.35000000000000003,0.375,0.07682787384367167,0.0765668370071755
0.375,0.375,0.06315411451216404,0.06319594952292576
0.4,0.375,0.04806158354285528,0.04829221938300525
0.42500000000000004,0.375,0.03392795924054245,0.03415011413821382
0.45,0.375,0.02230807145924579,0.022361321542187625
0.47500000000000003,0.375,0.013789455174352174,0.013629425238596279
0.5,0.375,0.008190948031572453,0.007893293097443308
0.525,0.375,0.004911652853201254,0.00461530079466118
0.55,0.375,0.0032490306228604086,0.003080978386837791
0.5750000000000001,0.375,0.0025939721965636785,0.002615358978170704
0.6000000000000001,0.375,0.0025006112394170615,0.002692388396304004
0.625,0.375,0.002676005541544853,0.002959861578778464
0.65,0.375,0.0029390849142799267,0.0032164149388334406
0.675,0.375,0.0031805804804942873,0.003370781448043595
0.7000000000000001,0.375,0.0033359701557111737,0.0034011072388001936
0.7250000000000001,0.375,0.00337107196811971,0.0033220117214633263
0.75,0.375,0.0032752697788780835,0.0031613118708489155
0.775,0.375,0.0030574506824095488,0.0029457796141661285
0.8,0.375,0.0027416552004383473,0.002694326795895074
0.8250000000000001,0.375,0.00236147488898539,0.0024166443450332926
0.8500000000000001,0.375,0.00195364767941674,0.0021152678822341318
0.875,0.375,0.0015519040174899721,0.0017893069275123066
0.9,0.375,0.0011819445893108181,0.001438628172561184
0.925,0.375,0.0008575667783187472,0.0010678802342328048
0.9500000000000001,0.375,0.000576375259003098,0.0006898478327471791
0.9750000000000001,0.375,0.0003114425168481934,0.0003262795216525834
0.025,0.4,0.0007750568935316576,0.00035235772378231357
0.05,0.4,0.0019165652236070119,0.001214800922780252
0.07500000000000001,0.4,0.003982218025813262,0.003216570825767135
0.1,0.4,0.007617015198390676,0.007042022489309429
0.125,0.4,0.013544843054631548,0.013371581451721003
0.15000000000000002,0.4,0.02238471824646251,0.022692648423681426
0.17500000000000002,0.4,0.03432998596975433,0.03501492178439748
0.2,0.4,0.04879291010575587,0.049589690170390055
0.225,0.4,0.06420171854362318,0.06479018723545889
0.25,0.4,0.07814685737863637,0.07830008418863413
0.275,0.4,0.08794841763566996,0.08764480135086616
0.30000000000000004,0.4,0.09148970009083693,0.09091967862441536
0.325,0.4,0.08796655446549949,0.08742422197783768
0.35000000000000003,0.4,0.07818892134970389,0.07791164569750259
0.375,0.4,0.06428005476592621,0.06433204074902166
0.4,0.4,0.04892777924638155,0.04919150508012592
0.42500000000000004,0.4,0.03455117054527127,0.034818765682902736
0.45,0.4,0.02273284474040968,0.022830958272282972
0.47500000000000003,0.4,0.014071798476460114,0.013945542771549125
0.5,0.4,0.00838503173902324,0.008104805691661245
0.525,0.4,0.0050621271779188945,0.004767177362208341
0.55,0.4,0.00338855001851218,0.003210140653702304
0.5750000000000001,0.4,0.0027439671736034102,0.0027490520749952133
0.6000000000000001,0.4,0.0026732966553260616,0.0028481034290525117
0.625,0.4,0.0028763713513057826,0.003146159567162665
0.65,0.4,0.003166452965627532,0.0034342887430298813
0.675,0.4,0.003429836350401955,0.0036153443014413714
0.7000000000000001,0.4,0.003598737712209289,0.003663438392655833
0.7250000000000001,0.4,0.003637012735375527,0.003590997264118075
0.75,0.4,0.003533512993318749,0.003425337240148204
0.775,0.4,0.003298007401540585,0.0031941616178812887
0.8,0.4,0.00295660013616426,0.002918399911379309
0.8250000000000001,0.4,0.00254570374801385,0.0026104290956442226
0.8500000000000001,0.4,0.002105111376319411,0.0022756591111713484
0.875,0.4,0.0016713398742545375,0.0019157572104533177
0.9,0.4,0.0012722193853230371,0.0015324085100309904
0.925,0.4,0.0009227681245029358,0.0011312204677067987
0.9500000000000001,0.4,0.0006206463821656291,0.0007256121219891142
0.9750000000000001,0.4,0.0003368747402792074,0.00033918927301463016
0.025,0.42500000000000004,0.0007795736674901131,0.0003646560531809798
0.05,0.42500000000000004,0.0019270851592215386,0.0012437957438627915
0.07500000000000001,0.42500000000000004,0.004000181189499049,0.0032678763779500166
0.1,0.42500000000000004,0.0076438056821884785,0.007119828388142493
0.125,0.42500000000000004,0.013580627688907785,0.013474851443614268
0.15000000000000002,0.42500000000000004,0.022427337053231362,0.02281231154359306
0.17500000000000002,0.42500000000000004,0.03437455975873356,0.03513390748125539
0.2,0.42500000000000004,0.04883276595330008,0.04968689704793082
0.225,0.42500000000000004,0.06423069448232702,0.06484773317752573
0.25,0.42500000000000004,0.07816214191648735,0.07831106923030802
0.275,0.42500000000000004,0.0879524117474928,0.08761768676588563
0.30000000000000004,0.42500000000000004,0.09148961465250358,0.09087642083566183
0.325,0.42500000000000004,0.08797166052389417,0.08739236035672407
0.35000000000000003,0.42500000000000004,0.0782068229023038,0.07791390542086551
0.375,0.42500000000000004,0.0643139999234982,0.06437845952699946
0.4,0.42500000000000004,0.048976367649386274,0.04927761769719108
0.42500000000000004,0.42500000000000004,0.034610348687464494,0.034930001604912844
0.45,0.42500000000000004,0.022798860421692806,0.022950349007334822
0.47500000000000003,0.42500000000000004,0.014143546185690147,0.014060823233434116
0.5,0.42500000000000004,0.00846488517180417,0.008212159771564202
0.525,0.42500000000000004,0.005155279442494519,0.00487103279846177
0.55,0.42500000000000004,0.0035014676695482895,0.0033201684346299276
0.5750000000000001,0.42500000000000004,0.0028826433388621066,0.0028761786057628575
0.6000000000000001,0.42500000000000004,0.0028417624996099284,0.003001039499114455
0.625,0.42500000000000004,0.0030756713912505227,0.003329230818169736
0.65,0.42500000000000004,0.0033941481505561266,0.0036466924268552213
0.675,0.42500000000000004,0.0036800524987912753,0.0038515644178219594
0.7000000000000001,0.42500000000000004,0.0038627476732511507,0.003914415206584285
0.7250000000000001,0.42500000000000004,0.003904278171546024,0.003845668367386158
0.75,0.42500000000000004,0.003793021533532752,0.0036722497500481753
0.775,0.42500000000000004,0.0035396641217324987,0.0034229383546487777
0.8,0.42500000000000004,0.003172410397507618,0.0031209005040882636
0.8250000000000001,0.42500000000000004,0.00273053424950458,0.0027814797576281806
0.8500000000000001,0.42500000000000004,0.0022569231371609715,0.002413250648272482
0.875,0.42500000000000004,0.0017909129234238497,0.002020661026492421
0.9,0.42500000000000004,0.0013624883907425885,0.0016072765122781482
0.925,0.42500000000000004,0.000987913784151698,0.0011794707538144537
0.9500000000000001,0.42500000000000004,0.0006649477730057025,0.000750821570615067
0.9750000000000001,0.42500000000000004,0.00036260034478692246,0.00034631301071562414
0.025,0.45,0.0007739484291382089,0.0003704706122394783
0.05,0.45,0.0019123401329838735,0.00125410747546677
0.07500000000000001,0.45,0.00396346490161704,0.0032729016134247666
0.1,0.45,0.007561663782660066,0.007097511850142225
0.125,0.45,0.013415744078360131,0.013385356815751936
0.15000000000000002,0.45,0.02212839818252616,0.02259643723772089
0.17500000000000002,0.45,0.03388255993510278,0.03471994967328262
0.2,0.45,0.0480953332869108,0.049008023378810744
0.225,0.45,0.0632220637310594,0.06386680247238744
0.25,0.45,0.07690164723842167,0.07704389608049536
0.275,0.45,0.08651204892921334,0.08614297412864987
0.30000000000000004,0.45,0.08998412611060587,0.08932428222557942
0.325,0.45,0.08653236818626388,0.08591294945578332
0.35000000000000003,0.45,0.07694885365450876,0.07663796767066645
0.375,0.45,0.06331017936844692,0.06338603707828659
0.4,0.45,0.04824741527796393,0.04858668896065875
0.42500000000000004,0.45,0.03413257413686607,0.034506516937830835
0.45,0.45,0.022522772492464142,0.022731523436277372
0.47500000000000003,0.45,0.014013867700655876,0.013979866707399117
0.5,0.45,0.008434784511987856,0.008215438066133151
0.525,0.45,0.005192395360875127,0.004924628075767608
0.55,0.45,0.003587281306935851,0.0034079244618007466
0.5750000000000001,0.45,0.003008376604345254,0.0029934942789136797
0.6000000000000001,0.45,0.0030035974442261604,0.0031482069766719366
0.625,0.45,0.0032708791675960603,0.0035064579155267735
0.65,0.45,0.003618648456543668,0.0038513907037005246
0.675,0.45,0.003927335796936065,0.004077575797206157
0.7000000000000001,0.45,0.004123884516321077,0.00415254728446942
0.7250000000000001,0.45,0.004168699706638602,0.004084945655138249
0.75,0.45,0.004049747786104325,0.0039014338974240944
0.775,0.45,0.0037786528119215534,0.003632004774605074
0.8,0.45,0.0033857228126552706,0.003302247617198743
0.8250000000000001,0.45,0.002913088258689629,0.002930699308669413
0.8500000000000001,0.45,0.002406721365154895,0.0025293283468376514
0.875,0.45,0.0019087652777291827,0.0021055371634233714
0.9,0.45,0.0014513506306395357,0.0016648148876533975
0.925,0.45,0.0010519929714681298,0.0012141215399798398
0.9500000000000001,0.45,0.0007085903353803322,0.0007667264448292257
0.9750000000000001,0.45,0.00038821991874116456,0.0003484371442165452
0.025,0.47500000000000003,0.0007593656776803307,0.0003672822122112976
0.05,0.47500000000000003,0.001875295766046473,0.0012416584478647853
0.07500000000000001,0.47500000000000003,0.00387876431757128,0.0032286855728769124
0.1,0.47500000000000003,0.007384457232087677,0.006977623111922449
0.125,0.47500000000000003,0.013076558249392366,0.013117527660036536
0.15000000000000002,0.47500000000000003,0.021533915282799253,0.02207949105789713
0.17500000000000002,0.47500000000000003,0.032927697716008134,0.03383644851483354
0.2,0.47500000000000003,0.04668900050898395,0.04765297637425302
0.225,0.47500000000000003,0.061322121026069154,0.06198730385935834
0.25,0.47500000000000003,0.07454661768750169,0.07467542294104129
0.275,0.47500000000000003,0.08383343163861501,0.08342394564736769
0.30000000000000004,0.47500000000000003,0.08718835276354275,0.08647644478547376
0.325,0.47500000000000003,0.08385475765365871,0.08319023742252796
0.35000000000000003,0.47500000000000003,0.07459620520265982,0.07426259049752357
0.375,0.47500000000000003,0.06141478677991156,0.061497442307507005
0.4,0.47500000000000003,0.046849131301965115,0.047222114721787535
0.42500000000000004,0.47500000000000003,0.03319125578706558,0.03361571957959324
0.45,0.47500000000000003,0.021950106589414518,0.022213171462088014
0.47500000000000003,0.47500000000000003,0.013708374096145247,0.01372114388092822
0.5,0.47500000000000003,0.008307477870753543,0.008120562078720243
0.525,0.47500000000000003,0.005178578353944949,0.004927166837295412
0.55,0.47500000000000003,0.0036467886860252984,0.003469753451299908
0.5750000000000001,0.47500000000000003,0.00311954045991371,0.0030967263105848297
0.6000000000000001,0.47500000000000003,0.0031557049288041374,0.003285837411361998
0.625,0.47500000000000003,0.0034578926392972984,0.0036750220111940006
0.65,0.47500000000000003,0.0038351067743404733,0.004046604341154447
0.675,0.47500000000000003,0.004166303046582621,0.004292577566312256
0.7000000000000001,0.47500000000000003,0.004376448842728056,0.004377913267488043
0.7250000000000001,0.47500000000000003,0.004424502181714676,0.004309700959194165
0.75,0.47500000000000003,0.004298085015996264,0.004114488684798367
0.775,0.47500000000000003,0.004009756850977058,0.003823623945504586
0.8,0.47500000000000003,0.003591885434186621,0.0034652805079078714
0.8250000000000001,0.47500000000000003,0.0030893896641129757,0.003061365806498243
0.8500000000000001,0.47500000000000003,0.0025512486914825334,0.0026274116290161773
0.875,0.47500000000000003,0.0020223392070883666,0.002173900672097568
0.9,0.47500000000000003,0.001536881471386911,0.0017082760462360045
0.925,0.47500000000000003,0.0011136194946936642,0.0012379393584056137
0.9500000000000001,0.47500000000000003,0.0007506271193396285,0.0007754381428272295
0.9750000000000001,0.47500000000000003,0.00041316960723244734,0.0003468184160555874
0.025,0.5,0.0007374908765027223,0.00035260138783262655
0.05,0.5,0.0018201208743327166,0.0012027545838354996
0.07500000000000001,0.5,0.003755470860178292,0.0031339341902706483
0.1,0.5,0.007131602571239653,0.006767208378759066
0.125,0.5,0.012599932801576286,0.01269538447566182
0.15000000000000002,0.5,0.02070814971577229,0.021313563501621932
0.17500000000000002,0.5,0.03161282998218289,0.03257571334649019
0.2,0.5,0.044764918215362756,0.045764648408515504
0.225,0.5,0.058734785279562385,0.05940749086805222
0.25,0.5,0.07134960983775217,0.07145502446572824
0.275,0.5,0.08020370385330033,0.07974653067025511
0.30000000000000004,0.5,0.08340198284723785,0.08263252144272865
0.325,0.5,0.08022594504293036,0.07951144599526197
0.35000000000000003,0.5,0.07140136793957896,0.07103967742456886
0.375,0.5,0.058831613891144476,0.05891457322830247
0.4,0.5,0.04493244004765952,0.04533134604502613
0.42500000000000004,0.5,0.0318888677217493,0.032355092567151245
0.45,0.5,0.021144504499337673,0.021452763335745806
0.47500000000000003,0.5,0.013262967212454294,0.013313743829887894
0.5,0.5,0.008100954028933974,0.007938732170917614
0.525,0.5,0.0051211866326528,0.004879951934423168
0.55,0.5,0.003681386272206835,0.0035023884568193466
0.5750000000000001,0.5,0.003214206725169318,0.0031811942782514757
0.6000000000000001,0.5,0.003294172388999586,0.003409492076133471
0.625,0.5,0.0036314654713189578,0.003831464306560683
0.65,0.5,0.004037300868859117,0.004230092619181933
0.675,0.5,0.004390034462064909,0.004495548438975722
0.7000000000000001,0.5,0.004613110520905366,0.004590625611071021
0.7250000000000001,0.5,0.004664256987490462,0.004521079611043189
0.75,0.5,0.0045308221481592595,0.004313496455841184
0.775,0.5,0.004226269257965113,0.004000713018304354
0.8,0.5,0.0037849206779721448,0.0036136170390917745
0.8250000000000001,0.5,0.003254333319266094,0.003177607365174969
0.8500000000000001,0.5,0.0026863269963078805,0.0027118814607077005
0.875,0.5,0.002128357966377992,0.002230073948282143
0.9,0.5,0.0016166185754210687,0.0017415992773391654
0.925,0.5,0.00117102190423439,0.0012542046772473182
0.9500000000000001,0.5,0.0007898464914073207,0.0007793979071918028
0.9750000000000001,0.5,0.00043671522233292763,0.0003429055023463478
0.025,0.525,0.0007101300564353899,0.00032503600036414633
0.05,0.525,0.0017513387352567323,0.001135914403127638
0.07500000000000001,0.525,0.0036037514038886895,0.0029907640758431507
0.1,0.525,0.006824076362468977,0.00647809977513221
0.125,0.525,0.012025625246180735,0.012149414483864661
0.15000000000000002,0.525,0.019720316068622654,0.020359352806474704
0.17500000000000002,0.525,0.03004862326995201,0.03104137607612777
0.2,0.525,0.04248557824103167,0.043500507270330196
0.225,0.525,0.05567913964506221,0.05634370360640366
0.25,0.525,0.06758184414789825,0.06765340155495786
0.275,0.525,0.07593115067464899,0.07542030033499142
0.30000000000000004,0.525,0.07894674137522503,0.07811661177778176
0.325,0.525,0.07595418269059281,0.07518743938413117
0.35000000000000003,0.525,0.0676354843687007,0.06724244376181993
0.375,0.525,0.055779593739963884,0.05585735553065633
0.4,0.525,0.04265956569914857,0.043076267870884644
0.42500000000000004,0.525,0.030335622756163718,0.03083317686882153
0.45,0.525,0.020174445098201023,0.020515955015726763
0.47500000000000003,0.525,0.012716261872670363,0.012792624576015502
0.5,0.525,0.007834489074560391,0.007685168885562092
0.525,0.525,0.005027962741305291,0.00478680608900554
0.55,0.525,0.003692288962128483,0.0035038450245752847
0.5750000000000001,0.525,0.003289890879906272,0.0032424885359063765
0.6000000000000001,0.525,0.003414255364287317,0.0035142098259442374
0.625,0.525,0.0037852980386428614,0.003971227287055144
0.65,0.525,0.004217774737596693,0.004398145235993918
0.675,0.525,0.004590240731595558,0.004683807516233044
0.7000000000000001,0.525,0.004825088367591079,0.00478909438321732
0.7250000000000001,0.525,0.004879064856383829,0.0047185924832195275
0.75,0.525,0.004739321397878866,0.0044990488190250685
0.775,0.525,0.004420157995679472,0.0041648871786906135
0.8,0.525,0.003957672733464689,0.003749781258115488
0.8250000000000001,0.525,0.003401811028713919,0.0032826651589708614
0.8500000000000001,0.525,0.002806960610174173,0.002786421097285996
0.875,0.525,0.0022229068205721876,0.0022778403795820634
0.9,0.525,0.0016876228677365035,0.001768304770490517
0.925,0.525,0.0012220874222404212,0.0012658634773840879
0.9500000000000001,0.525,0.000824802202016841,0.000780793158748158
0.9750000000000001,0.525,0.0004579699105195171,0.0003380315335545403
0.025,0.55,0.0006789358098266084,0.0002850349279159966
0.05,0.55,0.0016730932434300904,0.0010430792741802264
0.07500000000000001,0.55,0.003432889472696459,0.002805634914458583
0.1,0.55,0.006480974327304025,0.006126388625321725
0.125,0.55,0.01138973676978385,0.01151292541937977
0.15000000000000002,0.55,0.018633133864817453,0.019277323988444218
0.17500000000000002,0.55,0.028335192731629544,0.029332132952547548
0.2,0.55,0.039997788058236824,0.04100706103310528
0.225,0.55,0.05235292580872235,0.052994729640639796
0.25,0.55,0.06348795244723106,0.06351764094495417
0.275,0.55,0.07129372132217998,0.07072687792808198
0.30000000000000004,0.55,0.0741126539450358,0.07322319666489312
0.325,0.55,0.07131738381164818,0.07050080782641269
0.35000000000000003,0.55,0.06354310055697558,0.06311983423032658
0.375,0.55,0.05245630261645248,0.05252717098739165
0.4,0.55,0.04017702037939429,0.04060648104991572
0.42500000000000004,0.55,0.02863113464384799,0.02915193863634975
0.45,0.55,0.01910183383142832,0.01946626083077596
0.47500000000000003,0.55,0.012103093413504056,0.012193470420895105
0.5,0.55,0.007525293132506756,0.007377200709527083
0.525,0.55,0.004905499811980326,0.0046538627362294055
0.55,0.55,0.0036799670928531264,0.0034738672071421353
0.5750000000000001,0.55,0.003343478070136297,0.003276936614917486
0.6000000000000001,0.55,0.003510547798704068,0.0035946656261695784
0.625,0.55,0.003912337960666793,0.004088381825834302
0.65,0.55,0.004368216814236747,0.004544878513225884
0.675,0.55,0.004757690247673531,0.004851946108006804
0.7000000000000001,0.55,0.0050026046491693284,0.004968688164658425
0.7250000000000001,0.55,0.005059016964197552,0.004898602410373362
0.75,0.55,0.00491396588621139,0.004668645521647547
0.775,0.55,0.004582482111599676,0.004314844026604935
0.8,0.55,0.004102178158442342,0.003873633098955359
0.8250000000000001,0.55,0.0035250277076082923,0.0033774180101667356
0.8500000000000001,0.55,0.00290759470018356,0.0028526780690363157
0.875,0.55,0.0023016353425258937,0.002319280984356596
0.9,0.55,0.0017466302621027116,0.0017905360150730076
0.925,0.55,0.0012644709212756744,0.0012747962961859524
0.9500000000000001,0.55,0.0008538880791022254,0.0007810594396300127
0.9750000000000001,0.55,0.0004759404895624252,0.00033314846290087227
0.025,0.5750000000000001,0.0006452303086783563,0.00023504434151904396
0.05,0.5750000000000001,0.001588706009677073,0.000929753076487841
0.07500000000000001,0.5750000000000001,0.003250287158008071,0.0025890287089649884
0.1,0.5750000000000001,0.006117446892272166,0.005730961706699475
0.125,0.5750000000000001,0.01072079115116777,0.010818510517440384
0.15000000000000002,0.5750000000000001,0.01749598945418551,0.01812096507668758
0.17500000000000002,0.5750000000000001,0.02655115347605561,0.027530585059072032
0.2,0.5750000000000001,0.03741657719805234,0.03840327965567413
0.225,0.5750000000000001,0.04891082753092277,0.049519376876518445
0.25,0.5750000000000001,0.0592590778848331,0.059243421673016626
0.275,0.5750000000000001,0.06650844246920724,0.06588830519051299
0.30000000000000004,0.5750000000000001,0.06912612282935987,0.06818403291214584
0.325,0.5750000000000001,0.06653253845047444,0.06567398692933875
0.35000000000000003,0.5750000000000001,0.05931527232571935,0.05886824902591731
0.375,0.5750000000000001,0.04901625567240975,0.04908374397300992
0.4,0.5750000000000001,0.037599532178848226,0.038041873675202335
0.42500000000000004,0.5750000000000001,0.02685350619168409,0.027394652457900553
0.45,0.5750000000000001,0.017975224451487387,0.018357316453225424
0.47500000000000003,0.5750000000000001,0.011450689859945781,0.01154820951226208
0.5,0.5750000000000001,0.007186585095221109,0.007031985195611431
0.525,0.5750000000000001,0.0047584424400563185,0.004488643742221507
0.55,0.5750000000000001,0.0036439757560362187,0.0034137426439004304
0.5750000000000001,0.5750000000000001,0.0033713997905351137,0.0032817339272068306
0.6000000000000001,0.5750000000000001,0.0035773634011135856,0.0036453485187262977
0.625,0.5750000000000001,0.00400529724231013,0.0041756976462846915
0.65,0.5750000000000001,0.004480075597523479,0.004662125066959056
0.675,0.5750000000000001,0.0048828948511070065,0.004991518700210546
0.7000000000000001,0.5750000000000001,0.0051356120176015655,0.005121242489628541
0.7250000000000001,0.5750000000000001,0.0051939317617638,0.005053684032033684
0.75,0.5750000000000001,0.00504487469122995,0.004815946325649245
0.775,0.5750000000000001,0.004704056322476584,0.004445548702445363
0.8,0.5750000000000001,0.0042102575027691425,0.003981526220343281
0.8250000000000001,0.5750000000000001,0.003617005849699083,0.003459550551562232
0.8500000000000001,0.5750000000000001,0.0029825272900005913,0.002909479123970108
0.875,0.5750000000000001,0.002360079743610797,0.0023540716072136918
0.9,0.5750000000000001,0.001790293194733403,0.001808471963975121
0.925,0.5750000000000001,0.0012957682507262784,0.0012813698946631423
0.9500000000000001,0.5750000000000001,0.0008754568661171955,0.0007805787962225207
0.9750000000000001,0.5750000000000001,0.0004896022886975275,0.0003286607602697158
0.025,0.6000000000000001,0.0006099561267426516,0.0001790750326826037
0.05,0.6000000000000001,0.0015005516223039906,0.000804098879911909
0.07500000000000001,0.6000000000000001,0.003061188637544331,0.0023539937627599762
0.1,0.6000000000000001,0.005744136207326883,0.005311383675913838
0.125,0.6000000000000001,0.010038679935676458,0.010095147261171894
0.15000000000000002,0.6000000000000001,0.016343117681336953,0.016932964923851507
0.17500000000000002,0.6000000000000001,0.024750737215173544,0.025698346805594127
0.2,0.6000000000000001,0.034820991982762436,0.035774505088537564
0.225,0.6000000000000001,0.04545883022975543,0.04602913875121102
0.25,0.6000000000000001,0.0550259180995708,0.0549665463903998
0.275,0.6000000000000001,0.061723528513049984,0.06105775165394885
0.30000000000000004,0.6000000000000001,0.06414170014899874,0.06315852603432184
0.325,0.6000000000000001,0.06174782707326339,0.06085985191042891
0.35000000000000003,0.6000000000000001,0.055082616354614984,0.0546228578124503
0.375,0.6000000000000001,0.04556528185751712,0.04563751223284428
0.4,0.6000000000000001,0.03500586739998017,0.0354661956165641
0.42500000000000004,0.6000000000000001,0.025056492769802253,0.02562067735916254
0.45,0.6000000000000001,0.016828077010203772,0.01722877561130298
0.47500000000000003,0.6000000000000001,0.01077773611289836,0.010881928980007949
0.5,0.6000000000000001,0.006827207373817874,0.006664340704797437
0.525,0.6000000000000001,0.004589464403537917,0.004298700604370806
0.55,0.6000000000000001,0.0035831780938815104,0.0033256280170399256
0.5750000000000001,0.6000000000000001,0.0033700389016658658,0.003254807184172155
0.6000000000000001,0.6000000000000001,0.0036092901398676993,0.003660806023236169
0.625,0.6000000000000001,0.0040573367408799875,0.004225118481282361
0.65,0.6000000000000001,0.004545354658351286,0.004740011898930561
0.675,0.6000000000000001,0.004956989605680762,0.005091626989328867
0.7000000000000001,0.6000000000000001,0.00521472456964343,0.005235584411275539
0.7250000000000001,0.6000000000000001,0.005274298306834325,0.0051730507310938575
0.75,0.6000000000000001,0.005122818157542654,0.004931083303241095
0.775,0.6000000000000001,0.004776301613246208,0.004548430035618341
0.8,0.6000000000000001,0.004274272394796835,0.0040663977734187486
0.8250000000000001,0.6000000000000001,0.0036712309339733836,0.003523554746492498
0.8500000000000001,0.6000000000000001,0.003026436235903346,0.0029527679781239814
0.875,0.6000000000000001,0.00239407498955547,0.00237938591990894
0.9,0.6000000000000001,0.001815489308976657,0.0018202260316425058
0.925,0.6000000000000001,0.0013137376582457651,0.0012843583784835884
0.9500000000000001,0.6000000000000001,0.0008879720554673092,0.0007786317298101786
0.9750000000000001,0.6000000000000001,0.000497995436908795,0.0003243886928249993
0.025,0.625,0.0005737201767403598,0.00012189119094664115
0.05,0.625,0.001410165108051939,0.0006753973041471709
0.07500000000000001,0.625,0.0028689295084752603,0.002114086073650605
0.1,0.625,0.0053677056994936,0.004885657144476147
0.125,0.625,0.009355690667763887,0.009366244381937679
0.15000000000000002,0.625,0.015195427900562096,0.015744110935001505
0.17500000000000002,0.625,0.022966759253089677,0.023876364334652407
0.2,0.625,0.03225850770685375,0.03317463673015301
0.225,0.625,0.0420602273384028,0.0425924314355154
0.25,0.625,0.0508662113861549,0.05076905388679055
0.275,0.625,0.05702692535624087,0.05632694992917494
0.30000000000000004,0.625,0.05925101733234073,0.05824165134446768
0.325,0.625,0.057051167912457276,0.05614918437204381
0.35000000000000003,0.625,0.05092280486027419,0.05046378469204117
0.375,0.625,0.04216654675619987,0.04225399499295405
0.4,0.625,0.03244327228348415,0.032929455937680964
0.42500000000000004,0.625,0.023272519649471496,0.023866091390747326
0.45,0.625,0.015680665907728774,0.016105645862179004
0.47500000000000003,0.625,0.010095530146032686,0.010211486536681098
0.5,0.625,0.0064523466142606,0.006285181485823216
0.525,0.625,0.004399791484657905,0.004090297253523795
0.55,0.625,0.003496227336521227,0.003211737603385164
0.5750000000000001,0.625,0.0033362636684365404,0.0031946054132730647
0.6000000000000001,0.625,0.0036018237245444484,0.003636008901720285
0.625,0.625,0.004062815635871905,0.004228594116963514
0.65,0.625,0.004557472656398845,0.0047681197792101525
0.675,0.625,0.004972681379092677,0.005140265807148381
0.7000000000000001,0.625,0.005232220870554184,0.005298942532752156
0.7250000000000001,0.625,0.005292292289312063,0.005243932940049493
0.75,0.625,0.0051402036628467795,0.00500193932217953
0.775,0.625,0.004792161248566778,0.004612516287317226
0.8,0.625,0.004287940773670342,0.004118739661993481
0.8250000000000001,0.625,0.003682346313715187,0.0035615319004871047
0.8500000000000001,0.625,0.0030349465157966412,0.002976246448939651
0.875,0.625,0.002400198357362672,0.0023903938384970177
0.9,0.625,0.0018196536157587741,0.001822226130343465
0.925,0.625,0.0013165379959651276,0.0012812287413569226
0.9500000000000001,0.625,0.0008901712403715796,0.0007735972455002833
0.9750000000000001,0.625,0.0005003288525136695,0.000319659381499195
0.025,0.65,0.000536880455151275,6.811334875382168e-05
0.05,0.65,0.0013184566057196868,0.000552404739262909
0.07500000000000001,0.65,0.0026754279413153223,0.0018813555915257046
0.1,0.65,0.004991870255378636,0.004468390856249959
0.125,0.65,0.008678486630595103,0.008648718315488304
0.15000000000000002,0.65,0.014063990200047607,0.014574115096764036
0.17500000000000002,0.65,0.021216244674713038,0.02208832462678485
0.2,0.65,0.02975335067947065,0.030632766383705885
0.225,0.65,0.03874690359763235,0.039244699206386534
0.25,0.65,0.04681876021744427,0.0466924780823234
0.275,0.65,0.05246228805635757,0.05174169177381559
0.30000000000000004,0.65,0.05449947372098264,0.05348030668573442
0.325,0.65,0.05248619781346439,0.05158632755788922
0.35000000000000003,0.65,0.046874596757310594,0.04642968949363351
0.375,0.65,0.03885185067179594,0.038964389776420146
0.4,0.65,0.029935821576786686,0.030455223097489742
0.42500000000000004,0.65,0.02151835340657217,0.022147938058507136
0.45,0.65,0.014543639802342261,0.015000109930461726
0.47500000000000003,0.65,0.009410077709831122,0.00954570762830369
0.5,0.65,0.006064735652071979,0.005900875978450758
0.525,0.65,0.004189938407125653,0.003867574464825458
0.55,0.65,0.0033821181613926236,0.0030737617413361742
0.5750000000000001,0.65,0.0032679557471716773,0.00310002123407788
0.6000000000000001,0.65,0.0035519549688114325,0.0035668569233385412
0.625,0.65,0.004017971375061065,0.004179132784405511
0.65,0.65,0.004512038539334384,0.004736973418110739
0.675,0.65,0.004925102348564832,0.005126111926753437
0.7000000000000001,0.65,0.0051829460304874606,0.0052988940736231165
0.7250000000000001,0.65,0.005242689693822111,0.005253559459281468
0.75,0.65,0.005091962033050982,0.005016064364555338
0.775,0.65,0.004746924432557518,0.004626214036996739
0.8,0.65,0.004247069893668063,0.00412819264135245
0.8250000000000001,0.65,0.003646777974007922,0.0035645760527546234
0.8500000000000001,0.65,0.0030051402211304836,0.002972538458942766
0.875,0.65,0.0023761681508865135,0.002381210748210001
0.9,0.65,0.0018010770382778667,0.0018099631234609337
0.925,0.65,0.0013029427926339353,0.001268705804808222
0.9500000000000001,0.65,0.0008812129181151831,0.0007633412136190138
0.9750000000000001,0.65,0.0004960738968343261,0.00031349576339488334
0.025,0.675,0.0004996346036811124,2.148436203315042e-05
0.05,0.675,0.0012259312549095407,0.0004420538209686984
0.07500000000000001,0.675,0.0024816862025065834,0.001664873347132191
0.1,0.675,0.004618445204515741,0.004069712104224286
0.125,0.675,0.00801011791789149,0.007952987736490355
0.15000000000000002,0.675,0.012953569736260532,0.013433466697430955
0.17500000000000002,0.675,0.01950612281619616,0.020345114574124034
0.2,0.675,0.0273149102132531,0.028160806939931664
0.225,0.675,0.035530728857694524,0.03599940874640235
0.25,0.675,0.04289758206396957,0.04275188773276831
0.275,0.675,0.0480450966033891,0.047318037358306586
0.30000000000000004,0.675,0.04990306677998845,0.04889038168528377
0.325,0.675,0.04806839023400438,0.04718564093901413
0.35000000000000003,0.675,0.04295199378755524,0.04253229557516396
0.375,0.675,0.035633032711104816,0.035777290859637635
0.4,0.675,0.0274928489646643,0.02804919990833899
0.42500000000000004,0.675,0.019800827829697307,0.020469828625641655
0.45,0.675,0.013421607182122812,0.013914678083454871
0.47500000000000003,0.675,0.008724183349239412,0.008886777110731187
0.5,0.675,0.005665821951024103,0.0055135760406184176
0.525,0.675,0.0039603812852397405,0.00363242004283873
0.55,0.675,0.0032406407145292465,0.0029127347164658486
0.5750000000000001,0.675,0.003164405959364481,0.002970553763342671
0.6000000000000001,0.675,0.003458588923239052,0.0034507876049096643
0.625,0.675,0.0039213962315406,0.004071888069071383
0.65,0.675,0.004407391890334554,0.004639555082985913
0.675,0.675,0.004812404026129148,0.00504036358162898
0.7000000000000001,0.675,0.005064939285412016,0.005225409370519379
0.7250000000000001,0.675,0.0051235023782663855,0.005191287336299439
0.75,0.675,0.004976164149210774,0.004962785835088954
0.775,0.675,0.004638799253090802,0.004579315071630202
0.8,0.675,0.0041500661990991955,0.004085388459526745
0.8250000000000001,0.675,0.0035631691008285987,0.0035244108443886722
0.8500000000000001,0.675,0.0029359112872750235,0.002934598697652101
0.875,0.675,0.002321121022376512,0.0023460690862286294
0.9,0.675,0.0017591140530532475,0.0017789269818304157
0.925,0.675,0.0012724891367358868,0.00124348017348554
0.9500000000000001,0.675,0.0008607785848544415,0.0007456986764999875
0.9750000000000001,0.675,0.00048502955910866,0.00030485563223519576
0.025,0.7000000000000001,0.00046208876392192895,-1.5565094424222067e-05
0.05,0.7000000000000001,0.0011328606013249808,0.0003487249802579303
0.07500000000000001,0.7000000000000001,0.0022881809549314064,0.0014700218986965774
0.1,0.7000000000000001,0.004248161468618271,0.0036950031034109123
0.125,0.7000000000000001,0.00735158217366725,0.007283660447709353
0.15000000000000002,0.7000000000000001,0.011865366533126587,0.01232560736703487
0.17500000000000002,0.7000000000000001,0.01783763735947987,0.01864898749958398
0.2,0.7000000000000001,0.02494424819773426,0.02576002118270716
0.225,0.7000000000000001,0.03241236973051456,0.032857058421367324
0.25,0.7000000000000001,0.03910284844850694,0.03894713681015592
0.275,0.7000000000000001,0.043775110583440344,0.04305517638208003
0.30000000000000004,0.7000000000000001,0.04546139746819885,0.04447028925384596
0.325,0.7000000000000001,0.043797510704590564,0.042944640889063614
0.35000000000000003,0.7000000000000001,0.039155181478296164,0.03876819092243459
0.375,0.7000000000000001,0.03251078612230876,0.032688502565261485
0.4,0.7000000000000001,0.0251154632512055,0.025706780481802232
0.42500000000000004,0.7000000000000001,0.01812126527728447,0.018827318366043684
0.45,0.7000000000000001,0.012315894515072048,0.01284569728725144
0.47500000000000003,0.7000000000000001,0.008039039768766793,0.008232313363091756
0.5,0.7000000000000001,0.005256625511550938,0.0051223120855544806
0.525,0.7000000000000001,0.003712009079832875,0.003385005192575334
0.55,0.7000000000000001,0.003072635708867067,0.0027293633435914143
0.5750000000000001,0.7000000000000001,0.003026493195475129,0.0028066939499471477
0.6000000000000001,0.7000000000000001,0.00332270857645384,0.0032873903911979988
0.625,0.7000000000000001,0.00377421242129892,0.0039050859013905655
0.65,0.7000000000000001,0.0042447976422581805,0.004472554021154179
0.675,0.7000000000000001,0.004635970134405614,0.004878267773931074
0.7000000000000001,0.7000000000000001,0.004879658569365468,0.005072580335589622
0.7250000000000001,0.7000000000000001,0.004936205426302749,0.005050442116777295
0.75,0.7000000000000001,0.004794241499511255,0.004835073233414745
0.775,0.7000000000000001,0.004469117621135875,0.004464809099793545
0.8,0.7000000000000001,0.003998117715406228,0.003983649345801248
0.8250000000000001,0.7000000000000001,0.003432535547923424,0.0034349302264396232
0.8500000000000001,0.7000000000000001,0.002828092412864227,0.0028570632392996217
0.875,0.7000000000000001,0.0022357112100109544,0.0022804594478191276
0.9,0.7000000000000001,0.001694257005932245,0.0017255282293807336
0.925,0.7000000000000001,0.0012255309714517759,0.0012029060018977026
0.9500000000000001,0.7000000000000001,0.0008291092713679614,0.0007189450077744073
0.9750000000000001,0.7000000000000001,0.00046734573180699367,0.0002928673941932731
0.025,0.7250000000000001,0.00042430214282517973,-4.203139793623528e-05
0.05,0.7250000000000001,0.0010393939195743195,0.00027410578825375715
0.07500000000000001,0.7250000000000001,0.0020951163769932775,0.001298519007763739
0.1,0.7250000000000001,0.0038811935097158023,0.0033453360206559726
0.125,0.7250000000000001,0.006702834197423995,0.0066406529850316
0.15000000000000002,0.7250000000000001,0.010798785813079493,0.011249012575489721
0.17500000000000002,0.7250000000000001,0.016209193141239427,0.0169968618217779
0.2,0.7250000000000001,0.02263829771457628,0.023425727588133858
0.225,0.7250000000000001,0.029386969317292063,0.029811352302980775
0.25,0.7250000000000001,0.03542793256254969,0.03527037378158487
0.275,0.7250000000000001,0.03964439079280137,0.03894391624849485
0.30000000000000004,0.7250000000000001,0.04116604532832507,0.04020989238755322
0.325,0.7250000000000001,0.039665637648140024,0.03885275072545245
0.35000000000000003,0.7250000000000001,0.035477574859278375,0.03512684882976335
0.375,0.7250000000000001,0.02948033434145784,0.029687949243919664
0.4,0.7250000000000001,0.022800740367887075,0.023418678554924167
0.42500000000000004,0.7250000000000001,0.016478312214588904,0.017212263469718526
0.45,0.7250000000000001,0.011226298195144502,0.011786564405852532
0.47500000000000003,0.7250000000000001,0.007355208730131493,0.007577623126253898
0.5,0.7250000000000001,0.004838223889929202,0.004724495936594946
0.525,0.7250000000000001,0.003446315223841082,0.003124746223131771
0.55,0.7250000000000001,0.002880021334717843,0.002524652895664406
0.5750000000000001,0.7250000000000001,0.00285661848483291,0.0026104020127758407
0.6000000000000001,0.7250000000000001,0.0031472521457052488,0.0030788893360620545
0.625,0.7250000000000001,0.003579910007621084,0.003680620063055886
0.65,0.7250000000000001,0.004028254412657207,0.004237131688898974
0.675,0.7250000000000001,0.0044002034832871595,0.004640066135231682
0.7000000000000001,0.7250000000000001,0.004631754678395942,0.00483972311206533
0.7250000000000001,0.7250000000000001,0.004685508266574667,0.00482953226611119
0.75,0.7250000000000001,0.004550764104653063,0.004630810379683218
0.775,0.7250000000000001,0.004242128937790378,0.004280159895415751
0.8,0.7250000000000001,0.0037950104611909822,0.0038202196532025195
0.8250000000000001,0.7250000000000001,0.003258109402554318,0.003293345029988126
0.8500000000000001,0.7250000000000001,0.0026843274062745125,0.0027372786400606253
0.875,0.7250000000000001,0.0021220107803025046,0.0021820171269452734
0.9,0.7250000000000001,0.001608061455624856,0.00164782286656193
0.925,0.7250000000000001,0.0011631855889981768,0.001145550405959578
0.9500000000000001,0.7250000000000001,0.0007869688294333344,0.0006821621577312335
0.9750000000000001,0.7250000000000001,0.0004434996152259587,0.00027701518059221894
0.025,0.75,0.000386311913479978,-5.819359080587016e-05
0.05,0.75,0.0009456207809471775,0.00021751398774424568
0.07500000000000001,0.75,0.001902566136430044,0.0011489891831341146
0.1,0.75,0.003517454899888762,0.003018376131847465
0.125,0.75,0.006063350141430039,0.006020506601709696
0.15000000000000002,0.75,0.009752425625056182,0.010198999789172977
0.17500000000000002,0.75,0.014617941901989211,0.015382702353173303
0.2,0.75,0.02039219874023097,0.0211503285926019
0.225,0.75,0.026447303556340444,0.026852912206680127
0.25,0.75,0.0318633227350236,0.03171039513131969
0.275,0.75,0.035641751273688016,0.03497152720655877
0.30000000000000004,0.75,0.037005215416571195,0.036095594108266106
0.325,0.75,0.035661612196063425,0.03489634550345775
0.35000000000000003,0.75,0.031909726625943324,0.03159536717249159
0.375,0.75,0.026534577062312506,0.02676393241806113
0.4,0.75,0.020544040635918442,0.021174621229510096
0.42500000000000004,0.75,0.014869493515815813,0.015615938861513797
0.45,0.75,0.01015202089895746,0.010730285742366348
0.47500000000000003,0.75,0.0066731052216043845,0.006917726184739301
0.5,0.75,0.004411928142983762,0.004317438770622104
0.525,0.75,0.003165368332103703,0.00285136145572263
0.55,0.75,0.0026656209689733127,0.0023005768779691925
0.5750000000000001,0.75,0.002658421940057282,0.002385490171333101
0.6000000000000001,0.75,0.00293673478061717,0.0028303507902344115
0.625,0.75,0.0033438832888601777,0.0034041898072562464
0.65,0.75,0.003763957170898981,0.003939071955202548
0.675,0.75,0.00411193168145654,0.00433121083147223
0.7000000000000001,0.75,0.0043284424172966044,0.004531684010392178
0.7250000000000001,0.75,0.004378717559772002,0.004532646469183645
0.75,0.75,0.004252822383194137,0.004353269867093303
0.775,0.75,0.003964425752014202,0.0040278338753931345
0.8,0.75,0.0035466173728911188,0.0035968216658415035
0.8250000000000001,0.75,0.0030449034463171424,0.0031007383404113333
0.8500000000000001,0.75,0.002508715719173147,0.0025758300578303823
0.875,0.75,0.0019832317852991506,0.0020509975772167142
0.9,0.75,0.0015029381916103817,0.0015459114431387797
0.925,0.75,0.0010871845369270878,0.001071495820081485
0.9500000000000001,0.75,0.0007355416599169978,0.0006354343402554877
0.9750000000000001,0.75,0.00041423020827154446,0.00025724062640054054
0.025,0.775,0.0003481454628557402,-6.530532330025407e-05
0.05,0.775,0.0008516021855726404,0.00017650339894178559
0.07500000000000001,0.775,0.0017105437618641992,0.0010178460142902333
0.1,0.775,0.0031567442875867807,0.0027095072503535355
0.125,0.775,0.005432405133672166,0.005417713305572465
0.15000000000000002,0.775,0.008724561162843167,0.009169219754832916
0.17500000000000002,0.775,0.013060557516448926,0.013799167045947115
0.2,0.775,0.018200436989232602,0.01892513366190522
0.225,0.775,0.02358531690470042,0.023971311444152633
0.25,0.775,0.028398523428572388,0.028254904728874024
0.275,0.775,0.031754919596969425,0.03112419431740631
0.30000000000000004,0.775,0.032965991759109664,0.032112897435719004
0.325,0.775,0.03177319527645593,0.031061309776201442
0.35000000000000003,0.775,0.028441220501205573,0.028160927377700533
0.375,0.775,0.0236656111310145,0.02390543478966016
0.4,0.775,0.018340121085062028,0.018965480358639694
0.42500000000000004,0.775,0.013291942470490245,0.014030992179391008
0.45,0.775,0.009092082184700024,0.009671233024960136
0.47500000000000003,0.775,0.005993160034501919,0.0062488655801768225
0.5,0.775,0.003979256852736425,0.0038995526193495375
0.525,0.775,0.0028716364533256733,0.0025657118313343365
0.55,0.775,0.002432856884096276,0.0020605389400297942
0.5750000000000001,0.775,0.0024363524192224247,0.0021377320228110758
0.6000000000000001,0.775,0.0026966963433634195,0.002549503959301567
0.625,0.775,0.0030727618172359007,0.0030849164313872905
0.65,0.775,0.0034595244167407425,0.003588281554408858
0.675,0.775,0.0037795531743084385,0.003961826156994874
0.7000000000000001,0.775,0.003978597191418871,0.004158321835918036
0.7250000000000001,0.775,0.004024821979313069,0.004168997124207537
0.75,0.775,0.003909139196271751,0.004010740817939881
0.775,0.775,0.0036441186937541817,0.0037150209724190093
0.8,0.775,0.0032601640928103643,0.0033194673510422677
0.8250000000000001,0.775,0.0027990854221105767,0.0028619575108876274
0.8500000000000001,0.775,0.0023063017147185554,0.0023764966814425956
0.875,0.775,0.0018233270233611746,0.0018902738639420252
0.9,0.775,0.0013818543472266633,0.0014219544657555544
0.925,0.775,0.00099965933562773,0.0009823509987944698
0.9500000000000001,0.775,0.0006762857339930769,0.000579845576019658
0.9750000000000001,0.775,0.00038044432197082345,0.0002339481344526993
0.025,0.8,0.00030982577135819076,-6.521869455245605e-05
0.05,0.8,0.0007573845801018746,0.00014757781886058727
0.07500000000000001,0.8,0.0015190340572019804,0.0009002681570498957
0.1,0.8,0.002798810001533196,0.0024129724723722552
0.125,0.8,0.00480919511440147,0.004825919323673244
0.15000000000000002,0.8,0.007713355598750089,0.008152840642472854
0.17500000000000002,0.8,0.011533570997940001,0.012238731465736055
0.2,0.8,0.016057332940940666,0.01674143104273313
0.225,0.8,0.020792778381419567,0.02115613202310834
0.25,0.8,0.02502286420191607,0.02489159558071752
0.275,0.8,0.027971453764529065,0.02738813682068649
0.30000000000000004,0.8,0.029035292355456203,0.02824754217203771
0.325,0.8,0.02798798095560595,0.027334154301219132
0.35000000000000003,0.8,0.025061471689636895,0.024811862669181138
0.375,0.8,0.020865370114732117,0.021103137659189614
0.4,0.8,0.016183594936919003,0.01678425749264882
0.42500000000000004,0.8,0.011742685430082563,0.012452411260102627
0.45,0.8,0.008045447258110744,0.008606078713282573
0.47500000000000003,0.8,0.00531581355357593,0.00556935491767261
0.5,0.8,0.003541809398623103,0.003471023375727288
0.525,0.8,0.0025677446617790025,0.0022702091455965977
0.55,0.8,0.0021853889400044297,0.0018094499824837188
0.5750000000000001,0.8,0.0021951805908541344,0.001874584398443015
0.6000000000000001,0.8,0.0024330842047606185,0.0022461287428220747
0.625,0.8,0.0027736654255277075,0.0027344544527234185
0.65,0.8,0.0031231384991302178,0.003197702915980656
0.675,0.8,0.0034120876069011537,0.003545507326907768
0.7000000000000001,0.8,0.0035917504810408386,0.0037332716513799255
0.7250000000000001,0.8,0.0036334745764005022,0.0037517159543059356
0.75,0.8,0.003529082517947684,0.0036154079133623694
0.775,0.8,0.0032899190406360667,0.0033526325822622882
0.8,0.8,0.002943412518194261,0.002997595347557301
0.8250000000000001,0.8,0.002527282161341283,0.00258489648036239
0.8500000000000001,0.8,0.0020825066329435067,0.0021456738466630165
0.875,0.8,0.0016465459550045589,0.0017048835987030515
0.9,0.8,0.0012480008952434549,0.0012798231053517762
0.925,0.8,0.0009029030621023045,0.0008809851708938476
0.9500000000000001,0.8,0.0006107690682264712,0.0005172919116884014
0.9750000000000001,0.8,0.0003431122441065004,0.00020792066804242878
0.025,0.8250000000000001,0.0002713735629275976,-6.0016121958897384e-05
0.05,0.8250000000000001,0.0006630057823847379,0.00012687666801589428
0.07500000000000001,0.8250000000000001,0.0013280061074702038,0.0007911057017360359
0.1,0.8250000000000001,0.0024433762201399186,0.002122882735337965
0.125,0.8250000000000001,0.004192885114813829,0.004238920313392951
0.15000000000000002,0.8250000000000001,0.006716941857675241,0.0071434435280112365
0.17500000000000002,0.8250000000000001,0.01003349787828665,0.010694445409517604
0.2,0.8250000000000001,0.013957224562945205,0.014591114302109664
0.225,0.8250000000000001,0.018061523179778792,0.01839749955942435
0.25,0.8250000000000001,0.021725794381181173,0.021608632954568142
0.275,0.8250000000000001,0.024279073733925488,0.02375005766803593
0.30000000000000004,0.8250000000000001,0.025200213056511486,0.02448591213797978
0.325,0.8250000000000001,0.024293724642843503,0.023702359411917426
0.35000000000000003,0.8250000000000001,0.0217600136192026,0.021537925676750565
0.375,0.8250000000000001,0.01812585056621299,0.0183496253869487
0.4,0.8250000000000001,0.01406908681818053,0.014626258612010652
0.42500000000000004,0.8250000000000001,0.010218722315940326,0.010877702555118966
0.45,0.8250000000000001,0.007011032389322191,0.007533985928797773
0.47500000000000003,0.8250000000000001,0.004641444940792992,0.004879746678438877
0.5,0.8250000000000001,0.0031011142255019586,0.003033886617911128
0.525,0.8250000000000001,0.0022562335313628325,0.0019687105022133528
0.55,0.8250000000000001,0.0019267717182044476,0.001553360725033785
0.5750000000000001,0.8250000000000001,0.0019395436557353989,0.001604507827115232
0.6000000000000001,0.8250000000000001,0.0021516788226580456,0.0019310548647236518
0.625,0.8250000000000001,0.002453511896399738,0.0023656999312572403
0.65,0.8250000000000001,0.0027627470637380932,0.002781792461959396
0.675,0.8250000000000001,0.0030182938647602686,0.0030976469781427048
0.7000000000000001,0.8250000000000001,0.003177156967708694,0.0032722029163783205
0.7250000000000001,0.8250000000000001,0.0032140477472930038,0.003296122746590486
0.75,0.8250000000000001,0.003121748527456559,0.0031816985711815016
0.775,0.8250000000000001,0.0029102866768094477,0.0029537799834741772
0.8,0.8250000000000001,0.0026039024813438814,0.0026427167163683724
0.8250000000000001,0.8250000000000001,0.002235933182545568,0.002279328311963473
0.8500000000000001,0.8250000000000001,0.0018426008614452214,0.001891396629234321
0.875,0.8250000000000001,0.0014570220550175032,0.0015012353437682292
0.9,0.8250000000000001,0.0011044836168245598,0.0011244722415718663
0.925,0.8250000000000001,0.0007991487189654844,0.0007710521618858844
0.9500000000000001,0.8250000000000001,0.0005405177215883297,0.0004501562023398152
0.9750000000000001,0.8250000000000001,0.0003031710874988907,0.0001801700896661791
0.025,0.8500000000000001,0.0002328081233120089,-5.1700605263969054e-05
0.05,0.8500000000000001,0.0005684975263348671,0.00011074406546031021
0.07500000000000001,0.8500000000000001,0.001137418605744717,0.0006856144812512357
0.1,0.8500000000000001,0.0020901531138623575,0.0018340051598575153
0.125,0.8500000000000001,0.003582626884757521,0.00365140164126527
0.15000000000000002,0.8500000000000001,0.0057334506683472085,0.0061356444426392594
0.17500000000000002,0.8500000000000001,0.008556879260473509,0.00916041033874657
0.2,0.8500000000000001,0.011894522822771413,0.012467027984918517
0.225,0.8500000000000001,0.015383522339802214,0.01568633007172759
0.25,0.8500000000000001,0.018496964555423486,0.01839483086443204
0.275,0.8500000000000001,0.02066575050196203,0.02019725656401581
0.30000000000000004,0.8500000000000001,0.021448118575229547,0.02081506833838473
0.325,0.8500000000000001,0.02067842956134039,0.020154302519931267
0.35000000000000003,0.8500000000000001,0.018526573199687237,0.01833009563812577
0.375,0.8500000000000001,0.015439169633639574,0.015639083215454597
0.4,0.8500000000000001,0.011991266667558597,0.01248871830405434
0.42500000000000004,0.8500000000000001,0.008717030889168318,0.009306485994881035
0.45,0.8500000000000001,0.005987673083637656,0.006456203651618145
0.47500000000000003,0.8500000000000001,0.003970296423929269,0.004182424406582875
0.5,0.8500000000000001,0.0026584996328435527,0.002591576084545577
0.525,0.8500000000000001,0.001939365177363157,0.0016659560192076473
0.55,0.8500000000000001,0.001660184101838,0.0012987158653285525
0.5750000000000001,0.8500000000000001,0.0016735883412525975,0.0013359800198597914
0.6000000000000001,0.8500000000000001,0.0018576441825563761,0.0016149079831601371
0.625,0.8500000000000001,0.002118475512618266,0.0019912780193921988
0.65,0.8500000000000001,0.0023854387283136313,0.002354790354966236
0.675,0.8500000000000001,0.0026059806525438618,0.0026335508616676367
0.7000000000000001,0.8500000000000001,0.0027430653725486645,0.0027908570008960895
0.7250000000000001,0.8500000000000001,0.002774894582117636,0.0028177624609070744
0.75,0.8500000000000001,0.0026952449147275804,0.002724391047601686
0.775,0.8500000000000001,0.002512764040251569,0.0025320126144616276
0.8,0.8500000000000001,0.002248358873679042,0.0022668269506663924
0.8250000000000001,0.8500000000000001,0.0019307852148243488,0.0019555176662169466
0.8500000000000001,0.8500000000000001,0.0015912911525195776,0.0016221634322871777
0.875,0.8500000000000001,0.0012584499437564161,0.001286140564155343
0.9,0.8500000000000001,0.0009540812185373365,0.0009611698779156781
0.925,0.8500000000000001,0.0006903956990552137,0.0006564074061226133
0.9500000000000001,0.8500000000000001,0.0004668967926012807,0.0003809165587988941
0.9750000000000001,0.8500000000000001,0.0002614495637215471,0.0001517566789687539
0.025,0.875,0.00019414763595703406,-4.197052385042344e-05
0.05,0.875,0.00047388674374829003,9.613690926509304e-05
0.07500000000000001,0.875,0.0009472223173161323,0.000579969663224973
0.1,0.875,0.0017388410160958244,0.0015422938007328415
0.125,0.875,0.002977565118875073,0.003059410025698115
0.15000000000000002,0.875,0.004761018679097882,0.0051254597824552635
0.17500000000000002,0.875,0.007100290925877915,0.0076320261993819555
0.2,0.875,0.00986372025647425,0.01036311037453623
0.225,0.875,0.012750889137769025,0.013014392524820234
0.25,0.875,0.015326229797110711,0.015239648735845596
0.275,0.875,0.017119706370424176,0.016717554500340903
0.30000000000000004,0.875,0.01776664112139915,0.017222576153080482
0.325,0.875,0.01713034535190538,0.016678956811703703
0.35000000000000003,0.875,0.015351070080799698,0.015180129076831762
0.375,0.875,0.01279756379919468,0.012966705129471616
0.4,0.875,0.009944844624118486,0.010370096452857592
0.42500000000000004,0.875,0.007234552603716838,0.007739727487372748
0.45,0.875,0.004974094395363199,0.0053752781925903124
0.47500000000000003,0.875,0.003302420674468648,0.003480814068740884
0.5,0.875,0.0022150101858554073,0.002148124087202141
0.525,0.875,0.0016190003414345228,0.0013667188371828
0.55,0.875,0.0013882589800265932,0.0010513991756194354
0.5750000000000001,0.875,0.00140074656427946,0.0010763843431167795
0.6000000000000001,0.875,0.0015552455744801154,0.0013068080778781098
0.625,0.875,0.0017736473455750685,0.001622044827273985
0.65,0.875,0.001997051533076549,0.001929047587741775
0.675,0.875,0.002181574236821018,0.0021666352252448264
0.7000000000000001,0.875,0.0022962613526427383,0.0023031750374998845
0.7250000000000001,0.875,0.002322885829569519,0.00233052974621723
0.75,0.875,0.00225624157393399,0.0022567996017624666
0.775,0.875,0.002103558483819496,0.0020996192392501584
0.8,0.875,0.0018823197765212925,0.0018808656306765151
0.8250000000000001,0.875,0.0016165750131599045,0.0016228665682593924
0.8500000000000001,0.875,0.001332461462551881,0.0013457808117156127
0.875,0.875,0.0010538825440372247,0.0010658582555228982
0.9,0.875,0.0007990932532206582,0.0007947353318430717
0.925,0.875,0.0005783005984696596,0.0005405348383274999
0.9500000000000001,0.875,0.00039103556708342907,0.00031176744608976464
0.9750000000000001,0.875,0.00021862123197999422,0.00012361530546480524
0.025,0.9,0.00015540936736847184,-3.208593215470613e-05
0.05,0.9,0.00037919641655340667,8.086183620235746e-05
0.07500000000000001,0.9,0.0007573615757569589,0.00047155150209911376
0.1,0.9,0.001389132577743338,0.0012451646344167555
0.125,0.9,0.0023768398493579047,0.0024605705651416735
0.15000000000000002,0.9,0.0037977899144633555,0.004110441215083605
0.17500000000000002,0.9,0.005660341850874644,0.006106043705684712
0.2,0.9,0.007859384094015091,0.008274377276197268
0.225,0.9,0.010155864808051829,0.010374238738495157
0.25,0.9,0.01220362748887218,0.012133070065589318
0.275,0.9,0.013629386586957799,0.013299106412418714
0.30000000000000004,0.9,0.014143649512514697,0.01369622355861895
0.325,0.9,0.013637939016548094,0.013265483788411143
0.35000000000000003,0.9,0.012223592823346365,0.012080006057635031
0.375,0.9,0.01019337142152377,0.010327994464659446
0.4,0.9,0.007924558500003124,0.008269258213746541
0.42500000000000004,0.9,0.005768181566254391,0.006178841328548101
0.45,0.9,0.003968896925570465,0.00429412525449006
0.47500000000000003,0.9,0.002637659240956173,0.0027784610175480666
0.5,0.9,0.0017713732784500429,0.001707254994563123
0.525,0.9,0.0012965492116235823,0.0010749005031068359
0.55,0.9,0.0011130149706828187,0.0008157968324097736
0.5750000000000001,0.9,0.0011236454578899733,0.0008310007222749587
0.6000000000000001,0.9,0.0012477365045011918,0.0010132547949111047
0.625,0.9,0.0014228993060597544,0.0012658512733917434
0.65,0.9,0.0016020164344386035,0.00151367375531339
0.675,0.9,0.0017499458241100243,0.0017069838879933148
0.7000000000000001,0.9,0.0018418850524029493,0.0018198044334667603
0.7250000000000001,0.9,0.0018632251042932306,0.0018451728239765267
0.75,0.9,0.001809791240889976,0.001789324507601382
0.775,0.9,0.001687375441670795,0.0016662677947533316
0.8,0.9,0.0015099877507159555,0.001493480578661186
0.8250000000000001,0.9,0.0012969023277193655,0.0012888258813348796
0.8500000000000001,0.9,0.0010690689626419467,0.001068433714473075
0.875,0.9,0.0008456495021670117,0.0008453260392214295
0.9,0.9,0.0006412787963464249,0.0006289284959121702
0.925,0.9,0.0004641330794883587,0.00042609288667061354
0.9500000000000001,0.9,0.0003137972999751651,0.00024432593613908085
0.9750000000000001,0.9,0.00017518638336348947,9.642168438689066e-05
0.025,0.925,0.00011660981564079217,-2.2820073420122848e-05
0.05,0.925,0.00028444629131565036,6.365446721726716e-05
0.07500000000000001,0.925,0.0005677754729503902,0.0003590245893676941
0.1,0.925,0.0010407142871189012,0.0009415439754587298
0.125,0.925,0.001779587646539463,0.0018540844893747378
0.15000000000000002,0.925,0.0028419151988729194,0.003089618727481202
0.17500000000000002,0.925,0.00423366956089389,0.004580461557586901
0.2,0.925,0.0058761448783627565,0.00619678657679155
0.225,0.925,0.007590798367407263,0.007759042877974208
0.25,0.925,0.009119348053161218,0.009065412290622943
0.275,0.925,0.010183423147748932,0.009930163941581189
0.30000000000000004,0.925,0.010567210405421891,0.010223710981802395
0.325,0.925,0.010189858824763337,0.009902824052584192
0.35000000000000003,0.925,0.009134369887715255,0.00902140427210939
0.375,0.925,0.007619013089273022,0.007718119636536847
0.4,0.925,0.0059251634004662945,0.006184729317817313
0.42500000000000004,0.925,0.0043147616793030915,0.004624880305740358
0.45,0.925,0.0029705592833860527,0.003215198792258253
0.47500000000000003,0.925,0.0019756486571982264,0.0020782179263507576
0.5,0.925,0.0013280082050124336,0.001271617383306469
0.525,0.925,0.0009729836904797046,0.0007928112116905271
0.55,0.925,0.0008358726638536323,0.0005941098363372796
0.5750000000000001,0.925,0.0008441284826657328,0.0006023223435206596
0.6000000000000001,0.925,0.0009373853227081843,0.0007374190762304191
0.625,0.925,0.0010689164521566796,0.0009267881660652601
0.65,0.925,0.001203394845226303,0.0011137275664401154
0.675,0.925,0.0013144532607339535,0.0012604907785344482
0.7000000000000001,0.925,0.0013834753597836847,0.0013472122506865119
0.7250000000000001,0.925,0.0013994937568284761,0.0013684042869223185
0.75,0.925,0.0013593729507870183,0.0013285895536258932
0.775,0.925,0.001267458635914627,0.0012381969699928113
0.8,0.925,0.0011342653688859803,0.0011102954665359564
0.8250000000000001,0.925,0.000974259895451716,0.0009582534235129453
0.8500000000000001,0.925,0.0008031682140552303,0.0007941409377937927
0.875,0.925,0.000635375796574079,0.0006277141469913428
0.9,0.925,0.0004818701292354848,0.00046610169166849723
0.925,0.925,0.00034878551583347294,0.00031466479662009723
0.9500000000000001,0.925,0.0002357859043828551,0.00017947935485018024
0.9750000000000001,0.925,0.00013147744155225628,7.052409066426297e-05
0.025,0.9500000000000001,7.776485576420827e-05,-1.4482054619252387e-05
0.05,0.9500000000000001,0.00018965354842304514,4.412805775497918e-05
0.07500000000000001,0.9500000000000001,0.00037839895166164684,0.00024224846056288105
0.1,0.9500000000000001,0.000693267790085734,0.0006317355606257742
0.125,0.9500000000000001,0.00118494245608696,0.0012405562472649343
0.15000000000000002,0.9500000000000001,0.0018915509919367494,0.002063300167445595
0.17500000000000002,0.9500000000000001,0.002816934627869557,0.003054314685445701
0.2,0.9500000000000001,0.00390868395300405,0.004127027867704519
0.225,0.9500000000000001,0.005048125071832887,0.005162395770576887
0.25,0.9500000000000001,0.006063704162292301,0.006027118145148079
0.275,0.9500000000000001,0.006770597052730827,0.006598847750877384
0.30000000000000004,0.9500000000000001,0.007025548125806371,0.006792384802083152
0.325,0.9500000000000001,0.006774897215310292,0.006579373534878466
0.35000000000000003,0.9500000000000001,0.006073740399539259,0.00599530546777331
0.375,0.9500000000000001,0.0050669731167974205,0.005131448582121132
0.4,0.9500000000000001,0.003941424709841765,0.0041141702175693465
0.42500000000000004,0.9500000000000001,0.0028710905889414995,0.0030779759415180594
0.45,0.9500000000000001,0.0019774524362285695,0.0021399346549249316
0.47500000000000003,0.9500000000000001,0.0013158456427922883,0.0013817316815892774
0.5,0.9500000000000001,0.0008850640867727284,0.0008423464005474913
0.525,0.9500000000000001,0.0006488911236232422,0.0005208242681288659
0.55,0.9500000000000001,0.0005577277559091423,0.0003860989603824798
0.5750000000000001,0.9500000000000001,0.0005633512253349976,0.00038987437247176146
0.6000000000000001,0.9500000000000001,0.0006255957291092957,0.00047901080721236226
0.625,0.9500000000000001,0.0007133423040853655,0.0006050775594195609
0.65,0.9500000000000001,0.0008030464639041793,0.000730112261579402
0.675,0.9500000000000001,0.000877126606248487,0.0008287482849958531
0.7000000000000001,0.9500000000000001,0.0009231663316920947,0.0008875639296318134
0.7250000000000001,0.9500000000000001,0.000933849894046609,0.0009027742795525975
0.75,0.9500000000000001,0.0009070850627768938,0.000877317541553191
0.775,0.9500000000000001,0.0008457692779031821,0.0008181027034748064
0.8,0.9500000000000001,0.0007569144658053328,0.0007338142925901697
0.8250000000000001,0.9500000000000001,0.0006501689047510887,0.0006333400320219741
0.8500000000000001,0.9500000000000001,0.000536021467558796,0.0005247026793322594
0.875,0.9500000000000001,0.0004240677031822105,0.00041439222365935186
0.9,0.9500000000000001,0.00032163687903234516,0.0003071847420126261
0.925,0.9500000000000001,0.0002328188409901104,0.0002067640724372744
0.9500000000000001,0.9500000000000001,0.0001573774907549371,0.00011740757545506048
0.9750000000000001,0.9500000000000001,8.768000617879142e-05,4.5956658920857e-05
0.025,0.9750000000000001,3.88898894668336e-05,-6.993267037064233e-06
0.05,0.9750000000000001,9.483345352682999e-05,2.2624431713814524e-05
0.07500000000000001,0.9750000000000001,0.00018916386193290965,0.00012206408120708691
0.1,0.9750000000000001,0.0003464711377435084,0.0003171576715893427
0.125,0.9750000000000001,0.0005920363127162892,0.000621703362275143
0.15000000000000002,0.9750000000000001,0.0009448580462844253,0.0010327791118625257
0.17500000000000002,0.9750000000000001,0.001406814953497357,0.0015274021059528717
0.2,0.9750000000000001,0.0019517207372440387,0.002062282979694217
0.225,0.9750000000000001,0.0025203447125282637,0.002578099123651808
0.25,0.9750000000000001,0.0030270998799268806,0.0030085749548285075
0.275,0.9750000000000001,0.0033798006044693883,0.0032929784302854377
0.30000000000000004,0.9750000000000001,0.003507004661507923,0.003389066025275865
0.325,0.9750000000000001,0.0033819540148256515,0.0032827982655487488
0.35000000000000003,0.9750000000000001,0.003032125497937573,0.00299178818019916
0.375,0.9750000000000001,0.0025297821358418247,0.0025613169510836664
0.4,0.9750000000000001,0.001968113111687069,0.002054126441487916
0.42500000000000004,0.9750000000000001,0.0014339272348309145,0.0015370902730466797
0.45,0.9750000000000001,0.0009878600831408082,0.0010685357761739214
0.47500000000000003,0.9750000000000001,0.0006575618269193155,0.0006893019099751324
0.5,0.9750000000000001,0.0004424721026202627,0.00041903479253833096
0.525,0.9750000000000001,0.00032454851930252136,0.0002574887547377271
0.55,0.9750000000000001,0.00027905224538439673,0.00018935191570820754
0.5750000000000001,0.9750000000000001,0.00028191398190284723,0.0001906308554729566
0.6000000000000001,0.9750000000000001,0.0003130734599200944,0.0002348261538951961
0.625,0.9750000000000001,0.000356979696084186,0.00029772219647807843
0.65,0.9750000000000001,0.0004018610874596223,0.0003602954575880179
0.675,0.9750000000000001,0.0004389243261302039,0.00040980672255148736
0.7000000000000001,0.9750000000000001,0.0004619582892595654,0.0004394950043216349
0.7250000000000001,0.9750000000000001,0.0004673030366965108,0.00044743144280893305
0.75,0.9750000000000001,0.0004539116837742888,0.00043506181257727244
0.775,0.9750000000000001,0.00042323350572345494,0.0004058255726950052
0.8,0.9750000000000001,0.00037877616102907494,0.00036405321057120027
0.8250000000000001,0.9750000000000001,0.00032536631188895206,0.0003141769568554135
0.8500000000000001,0.9750000000000001,0.0002682513456362004,0.0002601964341381517
0.875,0.9750000000000001,0.0002122319493400359,0.00020534824258867782
0.9,0.9750000000000001,0.00016097505672796043,0.00015202430354583556
0.925,0.9750000000000001,0.00011652629120552786,0.00010209737873650006
0.9500000000000001,0.9750000000000001,7.876419826817864e-05,5.777402518972565e-05
0.9750000000000001,0.9750000000000001,4.386139091934062e-05,2.2536050023448195e-05
