mode,singular_value
1,0.402605934351552
2,0.2319869639089716
3,0.04376455067175996
4,0.021079688859426442
5,0.017077319563432863
6,0.006335056408941885
7,0.003841082773356075
8,0.0028725532676231133
9,0.0019316027538069103
10,0.0006653197884589398
11,0.0005600086837951149
12,0.00041490364782848237
13,0.0002960265085623287
14,0.00017370639413393722
15,9.886324879712122e-05
16,6.700121478458022e-05
17,6.216398799894487e-05
18,3.332455963351555e-05
19,2.2858500765006922e-05
20,1.3705317221957549e-05
21,4.620063104252835e-06
22,3.263151474624646e-06
23,2.715109411951962e-06
24,2.2383372548662526e-06
25,1.4142373115983662e-06
26,1.0551722099485735e-06
27,8.901683083704605e-07
28,4.631436110117992e-07
29,2.742035604482686e-07
30,2.57245943735203e-07
31,1.169192274921134e-07
32,1.1182169213327959e-07
33,5.0078290295735115e-08
34,3.896313029598274e-08
35,3.029127201780426e-08
36,2.2548197128370485e-08
37,1.4763350880879708e-08
38,1.1306223049967895e-08
39,4.757129399013791e-09
40,3.257063368939971e-09
41,2.668201975776134e-09
42,1.6690521155787445e-09
43,8.299720858605446e-10
44,7.070091568745743e-10
45,3.5243435741673317e-10
46,2.266639471696921e-10
47,1.378288098213666e-10
48,1.3576235262624859e-10
49,9.105754377501788e-11
50,5.295802670579788e-11
51,2.2992158812915833e-11
52,1.7763565770261457e-11
53,9.948285230251333e-12
54,4.601007258995126e-12
