kx,ky,reaction,source_a,source_b
0.4,0.5,0.0,0.0,1.0
0.4,0.5,0.0,1.0,0.0
0.4,0.5,6.0,0.0,1.0
0.4,0.5,6.0,1.0,0.0
0.4,0.5,18.0,0.0,1.0
0.4,0.5,18.0,1.0,0.0
0.4,1.5,0.0,0.0,1.0
0.4,1.5,0.0,1.0,0.0
0.4,1.5,6.0,0.0,1.0
0.4,1.5,6.0,1.0,0.0
0.4,1.5,18.0,0.0,1.0
0.4,1.5,18.0,1.0,0.0
0.4,3.0,0.0,0.0,1.0
0.4,3.0,0.0,1.0,0.0
0.4,3.0,6.0,0.0,1.0
0.4,3.0,6.0,1.0,0.0
0.4,3.0,18.0,0.0,1.0
0.4,3.0,18.0,1.0,0.0
1.0,0.5,0.0,0.0,1.0
1.0,0.5,0.0,1.0,0.0
1.0,0.5,6.0,0.0,1.0
1.0,0.5,6.0,1.0,0.0
1.0,0.5,18.0,0.0,1.0
1.0,0.5,18.0,1.0,0.0
1.0,1.5,0.0,0.0,1.0
1.0,1.5,0.0,1.0,0.0
1.0,1.5,6.0,0.0,1.0
1.0,1.5,6.0,1.0,0.0
1.0,1.5,18.0,0.0,1.0
1.0,1.5,18.0,1.0,0.0
1.0,3.0,0.0,0.0,1.0
1.0,3.0,0.0,1.0,0.0
1.0,3.0,6.0,0.0,1.0
1.0,3.0,6.0,1.0,0.0
1.0,3.0,18.0,0.0,1.0
1.0,3.0,18.0,1.0,0.0
2.5,0.5,0.0,0.0,1.0
2.5,0.5,0.0,1.0,0.0
2.5,0.5,6.0,0.0,1.0
2.5,0.5,6.0,1.0,0.0
2.5,0.5,18.0,0.0,1.0
2.5,0.5,18.0,1.0,0.0
2.5,1.5,0.0,0.0,1.0
2.5,1.5,0.0,1.0,0.0
2.5,1.5,6.0,0.0,1.0
2.5,1.5,6.0,1.0,0.0
2.5,1.5,18.0,0.0,1.0
2.5,1.5,18.0,1.0,0.0
2.5,3.0,0.0,0.0,1.0
2.5,3.0,0.0,1.0,0.0
2.5,3.0,6.0,0.0,1.0
2.5,3.0,6.0,1.0,0.0
2.5,3.0,18.0,0.0,1.0
2.5,3.0,18.0,1.0,0.0
